run_time(sec),data_size(Byte),comm_freq(Hz),queue_size,talk_length,talk_mean,talk_median,talk_stdev,talk_sum,lstn_length,lstn_mean,lstn_median,lstn_stdev,lstn_sum
1,10,1,10,1,10,10,0,10,1,0,0,0,0
1,10,1,10,1,10,10,0,10,2,0,0.0,0.0,0
1,10,1,10,1,10,10,0,10,3,6.666666666666667,10,5.773502691896258,20
1,10,1,10,1,10,10,0,10,4,7.5,10.0,5.0,30
1,10,1,10,1,10,10,0,10,5,0,0,0.0,0
1,10,1,10,2,10,10.0,0.0,20,1,0,0,0,0
1,10,1,10,2,10,10.0,0.0,20,2,10,10.0,14.142135623730951,20
1,10,1,10,2,10,10.0,0.0,20,3,3.3333333333333335,0,5.773502691896257,10
1,10,1,10,2,10,10.0,0.0,20,4,2.5,0.0,5.0,10
1,10,1,10,2,10,10.0,0.0,20,5,2,0,4.47213595499958,10
1,10,1,10,3,10,10,0.0,30,1,0,0,0,0
1,10,1,10,3,10,10,0.0,30,2,0,0.0,0.0,0
1,10,1,10,3,10,10,0.0,30,3,3.3333333333333335,0,5.773502691896257,10
1,10,1,10,3,10,10,0.0,30,4,0,0.0,0.0,0
1,10,1,10,3,10,10,0.0,30,5,6,0,13.416407864998739,30
1,10,1,10,4,10,10.0,0.0,40,1,0,0,0,0
1,10,1,10,4,10,10.0,0.0,40,2,0,0.0,0.0,0
1,10,1,10,4,10,10.0,0.0,40,3,3.3333333333333335,0,5.773502691896257,10
1,10,1,10,4,10,10.0,0.0,40,4,0,0.0,0.0,0
1,10,1,10,4,10,10.0,0.0,40,5,0,0,0.0,0
1,10,1,10,5,10,10,0.0,50,1,50,50,0,50
1,10,1,10,5,10,10,0.0,50,2,15,15.0,21.213203435596427,30
1,10,1,10,5,12,10,4.47213595499958,60,3,23.333333333333332,20,15.275252316519467,70
1,10,1,10,5,10,10,0.0,50,4,5,5.0,5.773502691896258,20
1,10,1,10,5,10,10,0.0,50,5,2,0,4.47213595499958,10
1,10,10,10,1,100,100,0,100,1,90,90,0,90
1,10,10,10,1,100,100,0,100,2,95,95.0,7.0710678118654755,190
1,10,10,10,1,100,100,0,100,3,66.66666666666667,100,57.735026918962575,200
1,10,10,10,1,110,110,0,110,4,97.5,100.0,5.0,390
1,10,10,10,1,100,100,0,100,5,90,90,0.0,450
1,10,10,10,2,100,100.0,0.0,200,1,180,180,0,180
1,10,10,10,2,100,100.0,0.0,200,2,180,180.0,14.142135623730951,360
1,10,10,10,2,105,105.0,7.0710678118654755,210,3,166.66666666666666,160,11.547005383792515,500
1,10,10,10,2,100,100.0,0.0,200,4,192.5,195.0,9.574271077563381,770
1,10,10,10,2,100,100.0,0.0,200,5,174,170,15.165750888103101,870
1,10,10,10,3,100,100,0.0,300,1,270,270,0,270
1,10,10,10,3,100,100,0.0,300,2,265,265.0,21.213203435596427,530
1,10,10,10,3,100,100,0.0,300,3,253.33333333333334,250,5.773502691896257,760
1,10,10,10,3,100,100,0.0,300,4,260,260.0,0.0,1040
1,10,10,10,3,100,100,0.0,300,5,264,260,8.94427190999916,1320
1,10,10,10,4,100,100.0,0.0,400,1,370,370,0,370
1,10,10,10,4,100,100.0,0.0,400,2,360,360.0,0.0,720
1,10,10,10,4,100,100.0,0.0,400,3,340,340,10.0,1020
1,10,10,10,4,100,100.0,0.0,400,4,347.5,340.0,23.629078131263043,1390
1,10,10,10,4,100,100.0,0.0,400,5,344,350,13.416407864998739,1720
1,10,10,10,5,100,100,0.0,500,1,420,420,0,420
1,10,10,10,5,100,100,0.0,500,2,455,455.0,21.213203435596427,910
1,10,10,10,5,100,100,0.0,500,3,436.6666666666667,450,23.09401076758503,1310
1,10,10,10,5,100,100,0.0,500,4,425,425.0,12.909944487358056,1700
1,10,10,10,5,100,100,0.0,500,5,436,440,5.477225575051661,2180
1,10,100,10,1,1000,1000,0,1000,1,940,940,0,940
1,10,100,10,1,1000,1000,0,1000,2,870,870.0,14.142135623730951,1740
1,10,100,10,1,1000,1000,0,1000,3,953.3333333333334,960,20.816659994661325,2860
1,10,100,10,1,1000,1000,0,1000,4,930,930.0,11.547005383792516,3720
1,10,100,10,1,1000,1000,0,1000,5,948,950,22.80350850198276,4740
1,10,100,10,2,1000,1000.0,0.0,2000,1,1820,1820,0,1820
1,10,100,10,2,1000,1000.0,0.0,2000,2,1645,1645.0,7.0710678118654755,3290
1,10,100,10,2,1000,1000.0,0.0,2000,3,1876.6666666666667,1930,101.15993936995679,5630
1,10,100,10,2,1000,1000.0,0.0,2000,4,1772.5,1820.0,196.02295783912658,7090
1,10,100,10,2,1000,1000.0,0.0,2000,5,1810,1820,76.48529270389177,9050
1,10,100,10,3,1000,1000,0.0,3000,1,2630,2630,0,2630
1,10,100,10,3,1000,1000,0.0,3000,2,2770,2770.0,141.4213562373095,5540
1,10,100,10,3,1000,1000,0.0,3000,3,2500,2540,144.22205101855957,7500
1,10,100,10,3,1003.3333333333334,1000,5.773502691896257,3010,4,2210,2220.0,27.0801280154532,8840
1,10,100,10,3,1000,1000,0.0,3000,5,2710,2750,64.8074069840786,13550
1,10,100,10,4,1000,1000.0,0.0,4000,1,3640,3640,0,3640
1,10,100,10,4,1002.5,1000.0,5.0,4010,2,3785,3785.0,77.78174593052023,7570
1,10,100,10,4,1000,1000.0,0.0,4000,3,3726.6666666666665,3730,105.03967504392486,11180
1,10,100,10,4,1000,1000.0,0.0,4000,4,3362.5,3370.0,30.956959368344517,13450
1,10,100,10,4,1000,1000.0,0.0,4000,5,3528,3580,172.97398648351722,17640
1,10,100,10,5,1000,1000,0.0,5000,1,4340,4340,0,4340
1,10,100,10,5,1000,1000,0.0,5000,2,4365,4365.0,162.63455967290594,8730
1,10,100,10,5,1002,1000,4.47213595499958,5010,3,4296.666666666667,4470,399.2910383834495,12890
1,10,100,10,5,990,1000,14.142135623730951,4950,4,4497.5,4475.0,94.2956343987709,17990
1,10,100,10,5,1000,1000,0.0,5000,5,4110,4460,568.770604022395,20550
1,10,1000,10,1,10000,10000,0,10000,1,9450,9450,0,9450
1,10,1000,10,1,10010,10010,0,10010,2,9225,9225.0,304.05591591021545,18450
1,10,1000,10,1,9960,9960,0,9960,3,9143.333333333334,9430,505.2062285179522,27430
1,10,1000,10,1,10000,10000,0,10000,4,8637.5,8515.0,276.57126869338157,34550
1,10,1000,10,1,9950,9950,0,9950,5,8966,9020,579.8534297561755,44830
1,10,1000,10,2,10005,10005.0,7.0710678118654755,20010,1,18230,18230,0,18230
1,10,1000,10,2,9975,9975.0,7.0710678118654755,19950,2,19080,19080.0,551.5432893255071,38160
1,10,1000,10,2,9915,9915.0,21.213203435596427,19830,3,16810,18160,2513.463745511361,50430
1,10,1000,10,2,9700,9700.0,254.55844122715712,19400,4,17222.5,17630.0,1713.502747784977,68890
1,10,1000,10,2,9520,9520.0,169.7056274847714,19040,5,17574,17420,491.71129740936397,87870
1,10,1000,10,3,9933.333333333334,9910,40.414518843273804,29800,1,22480,22480,0,22480
1,10,1000,10,3,9783.333333333334,9810,102.63202878893769,29350,2,25300,25300.0,1583.9191898578665,50600
1,10,1000,10,3,9783.333333333334,9870,195.021366350801,29350,3,26520,27290,1385.9653675326813,79560
1,10,1000,10,3,9556.666666666666,9690,248.461935381123,28670,4,25792.5,25590.0,1040.5567420056118,103170
1,10,1000,10,3,8486.666666666666,8880,725.005747103658,25460,5,21580,21970,1699.8823488700623,107900
1,10,1000,10,4,9890,9915.0,115.18101695447331,39560,1,37850,37850,0,37850
1,10,1000,10,4,9670,9695.0,220.15146301277824,38680,2,36900,36900.0,749.5331880577404,73800
1,10,1000,10,4,9510,9485.0,190.26297590440447,38040,3,33246.666666666664,32470,1630.2249333553127,99740
1,10,1000,10,4,7607.5,7600.0,139.61255912942312,30430,4,25527.5,25035.0,1983.5889191059723,102110
1,10,1000,10,4,7472.5,7245.0,698.4447007458787,29890,5,23124,22530,893.4371830184817,115620
1,10,1000,10,5,9894,9880,61.886993787063204,49470,1,46250,46250,0,46250
1,10,1000,10,5,9552,9570,120.91319200153472,47760,2,41470,41470.0,1555.6349186104046,82940
1,10,1000,10,5,8284,8230,568.093302196039,41420,3,33173.333333333336,33530,2266.149450793864,99520
1,10,1000,10,5,6792,6680,551.7880027691795,33960,4,23650,23590.0,1127.859329290079,94600
1,10,1000,10,5,6442,6420,886.4366869664184,32210,5,21296,21470,2820.661269986171,106480
1,100,1,10,1,100,100,0,100,1,0,0,0,0
1,100,1,10,1,100,100,0,100,2,50,50.0,70.71067811865476,100
1,100,1,10,1,100,100,0,100,3,0,0,0.0,0
1,100,1,10,1,100,100,0,100,4,100,100.0,0.0,400
1,100,1,10,1,100,100,0,100,5,20,0,44.721359549995796,100
1,100,1,10,2,100,100.0,0.0,200,1,200,200,0,200
1,100,1,10,2,100,100.0,0.0,200,2,0,0.0,0.0,0
1,100,1,10,2,100,100.0,0.0,200,3,100,100,0.0,300
1,100,1,10,2,100,100.0,0.0,200,4,50,0.0,100.0,200
1,100,1,10,2,100,100.0,0.0,200,5,40,0,89.44271909999159,200
1,100,1,10,3,100,100,0.0,300,1,0,0,0,0
1,100,1,10,3,100,100,0.0,300,2,0,0.0,0.0,0
1,100,1,10,3,100,100,0.0,300,3,0,0,0.0,0
1,100,1,10,3,100,100,0.0,300,4,0,0.0,0.0,0
1,100,1,10,3,100,100,0.0,300,5,20,0,44.721359549995796,100
1,100,1,10,4,100,100.0,0.0,400,1,0,0,0,0
1,100,1,10,4,125,100.0,50.0,500,2,100,100.0,0.0,200
1,100,1,10,4,100,100.0,0.0,400,3,100,100,100.0,300
1,100,1,10,4,100,100.0,0.0,400,4,25,0.0,50.0,100
1,100,1,10,4,100,100.0,0.0,400,5,0,0,0.0,0
1,100,1,10,5,100,100,0.0,500,1,300,300,0,300
1,100,1,10,5,100,100,0.0,500,2,0,0.0,0.0,0
1,100,1,10,5,100,100,0.0,500,3,0,0,0.0,0
1,100,1,10,5,100,100,0.0,500,4,0,0.0,0.0,0
1,100,1,10,5,120,100,44.721359549995796,600,5,100,100,0.0,500
1,100,10,10,1,1000,1000,0,1000,1,900,900,0,900
1,100,10,10,1,1000,1000,0,1000,2,950,950.0,70.71067811865476,1900
1,100,10,10,1,1000,1000,0,1000,3,933.3333333333334,900,57.735026918962575,2800
1,100,10,10,1,1000,1000,0,1000,4,975,1000.0,50.0,3900
1,100,10,10,1,1000,1000,0,1000,5,880,900,109.54451150103323,4400
1,100,10,10,2,1000,1000.0,0.0,2000,1,1800,1800,0,1800
1,100,10,10,2,1000,1000.0,0.0,2000,2,1800,1800.0,0.0,3600
1,100,10,10,2,1000,1000.0,0.0,2000,3,1800,1800,0.0,5400
1,100,10,10,2,1000,1000.0,0.0,2000,4,1525,1500.0,50.0,6100
1,100,10,10,2,1000,1000.0,0.0,2000,5,1800,1800,100.0,9000
1,100,10,10,3,1000,1000,0.0,3000,1,2700,2700,0,2700
1,100,10,10,3,1000,1000,0.0,3000,2,2700,2700.0,0.0,5400
1,100,10,10,3,1000,1000,0.0,3000,3,2700,2600,173.20508075688772,8100
1,100,10,10,3,1000,1000,0.0,3000,4,2725,2700.0,50.0,10900
1,100,10,10,3,1000,1000,0.0,3000,5,2760,2700,134.16407864998737,13800
1,100,10,10,4,1025,1000.0,50.0,4100,1,3600,3600,0,3600
1,100,10,10,4,1000,1000.0,0.0,4000,2,3400,3400.0,0.0,6800
1,100,10,10,4,1000,1000.0,0.0,4000,3,3533.3333333333335,3400,230.9401076758503,10600
1,100,10,10,4,1000,1000.0,0.0,4000,4,3675,3600.0,221.7355782608345,14700
1,100,10,10,4,1000,1000.0,0.0,4000,5,3620,3600,44.721359549995796,18100
1,100,10,10,5,1000,1000,0.0,5000,1,4500,4500,0,4500
1,100,10,10,5,1000,1000,0.0,5000,2,4250,4250.0,70.71067811865476,8500
1,100,10,10,5,1020,1000,44.721359549995796,5100,3,4266.666666666667,4300,57.735026918962575,12800
1,100,10,10,5,1000,1000,0.0,5000,4,4300,4300.0,81.64965809277261,17200
1,100,10,10,5,1020,1000,44.721359549995796,5100,5,4260,4100,219.08902300206645,21300
1,100,100,10,1,10000,10000,0,10000,1,9700,9700,0,9700
1,100,100,10,1,10000,10000,0,10000,2,9350,9350.0,70.71067811865476,18700
1,100,100,10,1,10000,10000,0,10000,3,9033.333333333334,9300,832.6663997864531,27100
1,100,100,10,1,10000,10000,0,10000,4,8900,9150.0,605.5300708194984,35600
1,100,100,10,1,10000,10000,0,10000,5,9440,9400,270.1851217221259,47200
1,100,100,10,2,10000,10000.0,0.0,20000,1,19700,19700,0,19700
1,100,100,10,2,10050,10050.0,70.71067811865476,20100,2,18750,18750.0,353.5533905932738,37500
1,100,100,10,2,10000,10000.0,0.0,20000,3,19100,18900,346.41016151377545,57300
1,100,100,10,2,10000,10000.0,0.0,20000,4,18875,18950.0,512.3475382979799,75500
1,100,100,10,2,10000,10000.0,0.0,20000,5,18720,18600,303.31501776206204,93600
1,100,100,10,3,10000,10000,0.0,30000,1,24800,24800,0,24800
1,100,100,10,3,10000,10000,0.0,30000,2,26450,26450.0,212.13203435596427,52900
1,100,100,10,3,10033.333333333334,10000,57.735026918962575,30100,3,28400,28500,556.7764362830022,85200
1,100,100,10,3,10000,10000,0.0,30000,4,27300,27300.0,416.33319989322655,109200
1,100,100,10,3,10000,10000,0.0,30000,5,27460,27700,1732.9166165744964,137300
1,100,100,10,4,10000,10000.0,0.0,40000,1,35400,35400,0,35400
1,100,100,10,4,10000,10000.0,0.0,40000,2,35900,35900.0,424.26406871192853,71800
1,100,100,10,4,10000,10000.0,0.0,40000,3,35300,35600,1571.6233645501711,105900
1,100,100,10,4,10025,10000.0,50.0,40100,4,36075,36100.0,694.6221994724903,144300
1,100,100,10,4,10000,10000.0,0.0,40000,5,33240,32400,1761.5334229017626,166200
1,100,100,10,5,10000,10000,0.0,50000,1,47300,47300,0,47300
1,100,100,10,5,10020,10000,44.721359549995796,50100,2,45100,45100.0,424.26406871192853,90200
1,100,100,10,5,10020,10000,44.721359549995796,50100,3,39500,39200,519.6152422706632,118500
1,100,100,10,5,10000,10000,0.0,50000,4,39600,40150.0,1516.57508881031,158400
1,100,100,10,5,10000,10000,0.0,50000,5,45620,45500,637.9655163094633,228100
1,100,1000,10,1,100000,100000,0,100000,1,98400,98400,0,98400
1,100,1000,10,1,100000,100000,0,100000,2,93200,93200.0,989.9494936611666,186400
1,100,1000,10,1,99800,99800,0,99800,3,95066.66666666667,94300,1594.7831618540915,285200
1,100,1000,10,1,99800,99800,0,99800,4,92150,91450.0,4945.368203346104,368600
1,100,1000,10,1,98500,98500,0,98500,5,89880,91600,5656.589078234339,449400
1,100,1000,10,2,100000,100000.0,0.0,200000,1,176400,176400,0,176400
1,100,1000,10,2,99850,99850.0,353.5533905932738,199700,2,188250,188250.0,6434.671708797582,376500
1,100,1000,10,2,99050,99050.0,777.8174593052023,198100,3,181100,185200,7362.744053679987,543300
1,100,1000,10,2,98550,98550.0,494.9747468305833,197100,4,177775,178700.0,7325.014220691543,711100
1,100,1000,10,2,96250,96250.0,3181.9805153394636,192500,5,180180,181800,3425.200724045235,900900
1,100,1000,10,3,99700,99700,300.0,299100,1,275600,275600,0,275600
1,100,1000,10,3,98766.66666666667,98900,416.33319989322655,296300,2,260900,260900.0,0.0,521800
1,100,1000,10,3,95900,95300,2651.41471671257,287700,3,258466.66666666666,270500,20929.00698392863,775400
1,100,1000,10,3,95400,96200,1385.6406460551018,286200,4,259075,259100.0,7490.605226993788,1036300
1,100,1000,10,3,83966.66666666667,87300,10696.884281571589,251900,5,216080,225000,16052.320704496282,1080400
1,100,1000,10,4,99250,99050.0,580.2298395176404,397000,1,361600,361600,0,361600
1,100,1000,10,4,94725,95250.0,2618.364629560469,378900,2,328800,328800.0,14142.13562373095,657600
1,100,1000,10,4,92425,92350.0,3670.036330428715,369700,3,334966.6666666667,337700,8534.830597811144,1004900
1,100,1000,10,4,80575,82250.0,6559.153908851355,322300,4,265525,257400.0,24420.39789465629,1062100
1,100,1000,10,4,75100,73150.0,6215.571842826156,300400,5,211040,219200,21407.54539876069,1055200
1,100,1000,10,5,96960,97000,730.0684899377592,484800,1,467700,467700,0,467700
1,100,1000,10,5,94100,93800,1097.7249200050073,470500,2,385150,385150.0,1202.0815280171307,770300
1,100,1000,10,5,78820,77900,3166.543857267731,394100,3,323800,314800,18701.604209265042,971400
1,100,1000,10,5,77260,73700,7145.138207200754,386300,4,241825,246200.0,17601.39672488143,967300
1,100,1000,10,5,62700,61700,7844.424771772625,313500,5,220060,222000,23774.94479488859,1100300
1,1000,1,10,1,1000,1000,0,1000,1,0,0,0,0
1,1000,1,10,1,1000,1000,0,1000,2,500,500.0,707.1067811865476,1000
1,1000,1,10,1,1000,1000,0,1000,3,333.3333333333333,0,577.3502691896258,1000
1,1000,1,10,1,1000,1000,0,1000,4,500,500.0,577.3502691896257,2000
1,1000,1,10,1,1000,1000,0,1000,5,0,0,0.0,0
1,1000,1,10,2,1000,1000.0,0.0,2000,1,0,0,0,0
1,1000,1,10,2,1000,1000.0,0.0,2000,2,0,0.0,0.0,0
1,1000,1,10,2,1000,1000.0,0.0,2000,3,0,0,0.0,0
1,1000,1,10,2,1000,1000.0,0.0,2000,4,0,0.0,0.0,0
1,1000,1,10,2,1000,1000.0,0.0,2000,5,400,0,894.4271909999159,2000
1,1000,1,10,3,1000,1000,0.0,3000,1,2000,2000,0,2000
1,1000,1,10,3,1000,1000,0.0,3000,2,0,0.0,0.0,0
1,1000,1,10,3,1000,1000,0.0,3000,3,0,0,0.0,0
1,1000,1,10,3,1000,1000,0.0,3000,4,500,500.0,577.3502691896257,2000
1,1000,1,10,3,1000,1000,0.0,3000,5,600,0,1341.640786499874,3000
1,1000,1,10,4,1000,1000.0,0.0,4000,1,2000,2000,0,2000
1,1000,1,10,4,1000,1000.0,0.0,4000,2,1000,1000.0,1414.213562373095,2000
1,1000,1,10,4,1000,1000.0,0.0,4000,3,666.6666666666666,0,1154.7005383792516,2000
1,1000,1,10,4,1000,1000.0,0.0,4000,4,0,0.0,0.0,0
1,1000,1,10,4,1000,1000.0,0.0,4000,5,0,0,0.0,0
1,1000,1,10,5,1000,1000,0.0,5000,1,0,0,0,0
1,1000,1,10,5,1000,1000,0.0,5000,2,1500,1500.0,707.1067811865476,3000
1,1000,1,10,5,1000,1000,0.0,5000,3,0,0,0.0,0
1,1000,1,10,5,1000,1000,0.0,5000,4,250,0.0,500.0,1000
1,1000,1,10,5,1000,1000,0.0,5000,5,800,0,1788.8543819998317,4000
1,1000,10,10,1,10000,10000,0,10000,1,9000,9000,0,9000
1,1000,10,10,1,10000,10000,0,10000,2,8500,8500.0,707.1067811865476,17000
1,1000,10,10,1,10000,10000,0,10000,3,8666.666666666666,9000,577.3502691896257,26000
1,1000,10,10,1,10000,10000,0,10000,4,9000,9000.0,816.496580927726,36000
1,1000,10,10,1,10000,10000,0,10000,5,9200,9000,447.21359549995793,46000
1,1000,10,10,2,10000,10000.0,0.0,20000,1,18000,18000,0,18000
1,1000,10,10,2,10000,10000.0,0.0,20000,2,18000,18000.0,0.0,36000
1,1000,10,10,2,10000,10000.0,0.0,20000,3,18000,18000,2000.0,54000
1,1000,10,10,2,10000,10000.0,0.0,20000,4,18000,18000.0,816.496580927726,72000
1,1000,10,10,2,10000,10000.0,0.0,20000,5,17600,18000,547.7225575051662,88000
1,1000,10,10,3,10000,10000,0.0,30000,1,25000,25000,0,25000
1,1000,10,10,3,10000,10000,0.0,30000,2,26000,26000.0,1414.213562373095,52000
1,1000,10,10,3,10000,10000,0.0,30000,3,26000,27000,4582.57569495584,78000
1,1000,10,10,3,10000,10000,0.0,30000,4,26250,26000.0,1500.0,105000
1,1000,10,10,3,10000,10000,0.0,30000,5,24600,24000,894.4271909999159,123000
1,1000,10,10,4,10000,10000.0,0.0,40000,1,36000,36000,0,36000
1,1000,10,10,4,10000,10000.0,0.0,40000,2,35500,35500.0,707.1067811865476,71000
1,1000,10,10,4,10000,10000.0,0.0,40000,3,36666.666666666664,36000,1154.7005383792514,110000
1,1000,10,10,4,10000,10000.0,0.0,40000,4,35500,35500.0,577.3502691896257,142000
1,1000,10,10,4,10000,10000.0,0.0,40000,5,31200,32000,1643.1676725154985,156000
1,1000,10,10,5,10000,10000,0.0,50000,1,46000,46000,0,46000
1,1000,10,10,5,10000,10000,0.0,50000,2,43000,43000.0,0.0,86000
1,1000,10,10,5,10000,10000,0.0,50000,3,43000,43000,0.0,129000
1,1000,10,10,5,10000,10000,0.0,50000,4,40750,41000.0,1258.3057392117917,163000
1,1000,10,10,5,10000,10000,0.0,50000,5,44800,45000,447.21359549995793,224000
1,1000,100,10,1,100000,100000,0,100000,1,94000,94000,0,94000
1,1000,100,10,1,100000,100000,0,100000,2,93000,93000.0,5656.85424949238,186000
1,1000,100,10,1,100000,100000,0,100000,3,96000,97000,1732.0508075688772,288000
1,1000,100,10,1,100000,100000,0,100000,4,94000,94000.0,2943.920288775949,376000
1,1000,100,10,1,100000,100000,0,100000,5,91000,90000,1870.8286933869706,455000
1,1000,100,10,2,100500,100500.0,707.1067811865476,201000,1,183000,183000,0,183000
1,1000,100,10,2,100000,100000.0,0.0,200000,2,179000,179000.0,1414.213562373095,358000
1,1000,100,10,2,100000,100000.0,0.0,200000,3,179333.33333333334,176000,9451.631252505216,538000
1,1000,100,10,2,100000,100000.0,0.0,200000,4,182750,183000.0,1500.0,731000
1,1000,100,10,2,100000,100000.0,0.0,200000,5,185200,183000,5019.960159204454,926000
1,1000,100,10,3,100000,100000,0.0,300000,1,270000,270000,0,270000
1,1000,100,10,3,100333.33333333333,100000,577.3502691896257,301000,2,277000,277000.0,8485.28137423857,554000
1,1000,100,10,3,100000,100000,0.0,300000,3,262666.6666666667,259000,25696.951829610713,788000
1,1000,100,10,3,100000,100000,0.0,300000,4,264500,264500.0,2081.6659994661327,1058000
1,1000,100,10,3,100000,100000,0.0,300000,5,258000,261000,6892.024376045111,1290000
1,1000,100,10,4,100250,100000.0,500.0,401000,1,380000,380000,0,380000
1,1000,100,10,4,100500,100500.0,577.3502691896257,402000,2,376000,376000.0,2828.42712474619,752000
1,1000,100,10,4,100250,100000.0,500.0,401000,3,362666.6666666667,361000,20550.75018906447,1088000
1,1000,100,10,4,100000,100000.0,0.0,400000,4,364500,361000.0,10878.112581387146,1458000
1,1000,100,10,4,100000,100000.0,0.0,400000,5,357200,352000,11882.760622010359,1786000
1,1000,100,10,5,100200,100000,447.21359549995793,501000,1,453000,453000,0,453000
1,1000,100,10,5,100200,100000,447.21359549995793,501000,2,435500,435500.0,7778.174593052023,871000
1,1000,100,10,5,100000,100000,0.0,500000,3,462666.6666666667,456000,19857.828011475307,1388000
1,1000,100,10,5,100000,100000,0.0,500000,4,416750,426000.0,44048.26897847406,1667000
1,1000,100,10,5,100000,100000,0.0,500000,5,447600,450000,5224.9401910452525,2238000
1,1000,1000,10,1,1000000,1000000,0,1000000,1,984000,984000,0,984000
1,1000,1000,10,1,1000000,1000000,0,1000000,2,903000,903000.0,0.0,1806000
1,1000,1000,10,1,993000,993000,0,993000,3,893000,920000,97349.88443752771,2679000
1,1000,1000,10,1,990000,990000,0,990000,4,847500,838000.0,67441.33252934237,3390000
1,1000,1000,10,1,984000,984000,0,984000,5,909400,932000,61589.77187812924,4547000
1,1000,1000,10,2,997000,997000.0,5656.85424949238,1994000,1,1850000,1850000,0,1850000
1,1000,1000,10,2,993000,993000.0,4242.640687119285,1986000,2,1699000,1699000.0,241830.51916579925,3398000
1,1000,1000,10,2,989500,989500.0,2121.3203435596424,1979000,3,1687000,1685000,8185.35277187245,5061000
1,1000,1000,10,2,991000,991000.0,0.0,1982000,4,1801750,1803500.0,39685.21975076699,7207000
1,1000,1000,10,2,944500,944500.0,41719.300090006305,1889000,5,1654400,1656000,117389.5225307608,8272000
1,1000,1000,10,3,999000,1000000,1732.0508075688772,2997000,1,2758000,2758000,0,2758000
1,1000,1000,10,3,999333.3333333334,1001000,2886.751345948129,2998000,2,2624500,2624500.0,123743.68670764581,5249000
1,1000,1000,10,3,977000,973000,12489.995996796797,2931000,3,2438666.6666666665,2440000,65010.255601199824,7316000
1,1000,1000,10,3,961000,966000,27838.82181415011,2883000,4,2347250,2345500.0,24226.363050748387,9389000
1,1000,1000,10,3,934666.6666666666,947000,34210.134950527936,2804000,5,2514800,2566000,144002.43053504342,12574000
1,1000,1000,10,4,995250,995000.0,3685.5573979159967,3981000,1,3716000,3716000,0,3716000
1,1000,1000,10,4,966000,965000.0,5099.019513592785,3864000,2,3466000,3466000.0,19798.98987322333,6932000
1,1000,1000,10,4,959250,958500.0,21013.884299037465,3837000,3,2868666.6666666665,2930000,155361.9430019248,8606000
1,1000,1000,10,4,935250,937000.0,18803.811670332514,3741000,4,2364500,2973000.0,1373913.267519703,9458000
1,1000,1000,10,4,835250,835500.0,45653.58693465389,3341000,5,2840000,2786000,138751.57656761957,14200000
1,1000,1000,10,5,989400,987000,5941.3803110051795,4947000,1,4555000,4555000,0,4555000
1,1000,1000,10,5,915000,906000,24259.018941416405,4575000,2,4013000,4013000.0,156977.70542341354,8026000
1,1000,1000,10,5,918800,908000,19175.505208468432,4594000,3,3936666.6666666665,3851000,159769.6258158394,11810000
1,1000,1000,10,5,801800,811000,16887.86546606764,4009000,4,2858750,2878500.0,338943.82523755566,11435000
1,1000,1000,10,5,635000,581000,98012.7542720844,3175000,5,2480000,2571000,256168.8896021529,12400000
1,10000,1,10,1,10000,10000,0,10000,1,0,0,0,0
1,10000,1,10,1,10000,10000,0,10000,2,5000,5000.0,7071.067811865475,10000
1,10000,1,10,1,10000,10000,0,10000,3,0,0,0.0,0
1,10000,1,10,1,10000,10000,0,10000,4,0,0.0,0.0,0
1,10000,1,10,1,10000,10000,0,10000,5,2000,0,4472.13595499958,10000
1,10000,1,10,2,10000,10000.0,0.0,20000,1,0,0,0,0
1,10000,1,10,2,10000,10000.0,0.0,20000,2,0,0.0,0.0,0
1,10000,1,10,2,10000,10000.0,0.0,20000,3,3333.3333333333335,0,5773.502691896258,10000
1,10000,1,10,2,10000,10000.0,0.0,20000,4,2500,0.0,5000.0,10000
1,10000,1,10,2,10000,10000.0,0.0,20000,5,0,0,0.0,0
1,10000,1,10,3,10000,10000,0.0,30000,1,0,0,0,0
1,10000,1,10,3,10000,10000,0.0,30000,2,0,0.0,0.0,0
1,10000,1,10,3,10000,10000,0.0,30000,3,6666.666666666667,0,11547.005383792515,20000
1,10000,1,10,3,10000,10000,0.0,30000,4,2500,0.0,5000.0,10000
1,10000,1,10,3,10000,10000,0.0,30000,5,0,0,0.0,0
1,10000,1,10,4,10000,10000.0,0.0,40000,1,0,0,0,0
1,10000,1,10,4,10000,10000.0,0.0,40000,2,5000,5000.0,7071.067811865475,10000
1,10000,1,10,4,10000,10000.0,0.0,40000,3,13333.333333333334,10000,5773.502691896258,40000
1,10000,1,10,4,12500,10000.0,5000.0,50000,4,10000,10000.0,0.0,40000
1,10000,1,10,4,10000,10000.0,0.0,40000,5,8000,0,10954.451150103323,40000
1,10000,1,10,5,10000,10000,0.0,50000,1,0,0,0,0
1,10000,1,10,5,10000,10000,0.0,50000,2,10000,10000.0,14142.13562373095,20000
1,10000,1,10,5,10000,10000,0.0,50000,3,0,0,0.0,0
1,10000,1,10,5,10000,10000,0.0,50000,4,0,0.0,0.0,0
1,10000,1,10,5,10000,10000,0.0,50000,5,0,0,0.0,0
1,10000,10,10,1,100000,100000,0,100000,1,90000,90000,0,90000
1,10000,10,10,1,100000,100000,0,100000,2,45000,45000.0,63639.61030678928,90000
1,10000,10,10,1,100000,100000,0,100000,3,76666.66666666667,80000,5773.502691896258,230000
1,10000,10,10,1,100000,100000,0,100000,4,80000,80000.0,0.0,320000
1,10000,10,10,1,100000,100000,0,100000,5,90000,90000,10000.0,450000
1,10000,10,10,2,100000,100000.0,0.0,200000,1,180000,180000,0,180000
1,10000,10,10,2,100000,100000.0,0.0,200000,2,170000,170000.0,14142.13562373095,340000
1,10000,10,10,2,100000,100000.0,0.0,200000,3,180000,180000,0.0,540000
1,10000,10,10,2,100000,100000.0,0.0,200000,4,175000,170000.0,10000.0,700000
1,10000,10,10,2,100000,100000.0,0.0,200000,5,182000,180000,13038.404810405298,910000
1,10000,10,10,3,100000,100000,0.0,300000,1,270000,270000,0,270000
1,10000,10,10,3,100000,100000,0.0,300000,2,260000,260000.0,14142.13562373095,520000
1,10000,10,10,3,100000,100000,0.0,300000,3,290000,300000,17320.508075688773,870000
1,10000,10,10,3,100000,100000,0.0,300000,4,227500,260000.0,72284.1614740048,910000
1,10000,10,10,3,103333.33333333333,100000,5773.502691896258,310000,5,280000,280000,10000.0,1400000
1,10000,10,10,4,100000,100000.0,0.0,400000,1,320000,320000,0,320000
1,10000,10,10,4,100000,100000.0,0.0,400000,2,350000,350000.0,14142.13562373095,700000
1,10000,10,10,4,100000,100000.0,0.0,400000,3,340000,340000,0.0,1020000
1,10000,10,10,4,100000,100000.0,0.0,400000,4,325000,325000.0,5773.502691896258,1300000
1,10000,10,10,4,100000,100000.0,0.0,400000,5,346000,340000,15165.7508881031,1730000
1,10000,10,10,5,100000,100000,0.0,500000,1,460000,460000,0,460000
1,10000,10,10,5,100000,100000,0.0,500000,2,425000,425000.0,21213.203435596424,850000
1,10000,10,10,5,100000,100000,0.0,500000,3,426666.6666666667,420000,11547.005383792515,1280000
1,10000,10,10,5,100000,100000,0.0,500000,4,425000,425000.0,12909.944487358056,1700000
1,10000,10,10,5,102000,100000,4472.13595499958,510000,5,432000,430000,4472.13595499958,2160000
1,10000,100,10,1,1000000,1000000,0,1000000,1,970000,970000,0,970000
1,10000,100,10,1,1000000,1000000,0,1000000,2,880000,880000.0,56568.5424949238,1760000
1,10000,100,10,1,1000000,1000000,0,1000000,3,916666.6666666666,940000,68068.59285554045,2750000
1,10000,100,10,1,1000000,1000000,0,1000000,4,910000,900000.0,35590.26084010437,3640000
1,10000,100,10,1,1000000,1000000,0,1000000,5,846000,840000,27018.51217221259,4230000
1,10000,100,10,2,1000000,1000000.0,0.0,2000000,1,1760000,1760000,0,1760000
1,10000,100,10,2,1005000,1005000.0,7071.067811865475,2010000,2,1855000,1855000.0,49497.474683058324,3710000
1,10000,100,10,2,1000000,1000000.0,0.0,2000000,3,1840000,1860000,62449.97998398398,5520000
1,10000,100,10,2,1000000,1000000.0,0.0,2000000,4,1817500,1825000.0,35939.76442141304,7270000
1,10000,100,10,2,1000000,1000000.0,0.0,2000000,5,1848000,1860000,34205.26275297414,9240000
1,10000,100,10,3,1003333.3333333334,1000000,5773.502691896258,3010000,1,2540000,2540000,0,2540000
1,10000,100,10,3,1000000,1000000,0.0,3000000,2,2695000,2695000.0,21213.203435596424,5390000
1,10000,100,10,3,1000000,1000000,0.0,3000000,3,2760000,2760000,10000.0,8280000
1,10000,100,10,3,1000000,1000000,0.0,3000000,4,2742500,2735000.0,91058.58919765157,10970000
1,10000,100,10,3,1000000,1000000,0.0,3000000,5,2676000,2690000,71624.01831787993,13380000
1,10000,100,10,4,1000000,1000000.0,0.0,4000000,1,3700000,3700000,0,3700000
1,10000,100,10,4,1002500,1000000.0,5000.0,4010000,2,3315000,3315000.0,261629.50903902258,6630000
1,10000,100,10,4,1002500,1000000.0,5000.0,4010000,3,3646666.6666666665,3630000,86216.78104251708,10940000
1,10000,100,10,4,1000000,1000000.0,0.0,4000000,4,3612500,3640000.0,115866.30226256467,14450000
1,10000,100,10,4,1000000,1000000.0,0.0,4000000,5,3480000,3510000,160312.19541881396,17400000
1,10000,100,10,5,1002000,1000000,4472.13595499958,5010000,1,4360000,4360000,0,4360000
1,10000,100,10,5,1000000,1000000,0.0,5000000,2,4415000,4415000.0,21213.203435596424,8830000
1,10000,100,10,5,1000000,1000000,0.0,5000000,3,4500000,4500000,30000.0,13500000
1,10000,100,10,5,1000000,1000000,0.0,5000000,4,4097500,4090000.0,99791.44919948469,16390000
1,10000,100,10,5,1000000,1000000,0.0,5000000,5,4156000,4260000,328983.2822500256,20780000
1,10000,1000,10,1,9980000,9980000,0,9980000,1,9850000,9850000,0,9850000
1,10000,1000,10,1,9950000,9950000,0,9950000,2,8655000,8655000.0,360624.4584051392,17310000
1,10000,1000,10,1,9940000,9940000,0,9940000,3,9610000,9650000,222710.57451320087,28830000
1,10000,1000,10,1,9900000,9900000,0,9900000,4,9582500,9595000.0,117011.395456454,38330000
1,10000,1000,10,1,9950000,9950000,0,9950000,5,8854000,8520000,539147.4751865207,44270000
1,10000,1000,10,2,9980000,9980000.0,0.0,19960000,1,18620000,18620000,0,18620000
1,10000,1000,10,2,9980000,9980000.0,28284.2712474619,19960000,2,19120000,19120000.0,282842.71247461904,38240000
1,10000,1000,10,2,9830000,9830000.0,28284.2712474619,19660000,3,17576666.666666668,18160000,1124825.9124563823,52730000
1,10000,1000,10,2,9705000,9705000.0,7071.067811865475,19410000,4,17495000,17905000.0,922478.5453693038,69980000
1,10000,1000,10,2,9490000,9490000.0,28284.2712474619,18980000,5,17154000,17100000,615126.0033521587,85770000
1,10000,1000,10,3,9950000,9940000,17320.508075688773,29850000,1,27060000,27060000,0,27060000
1,10000,1000,10,3,9780000,9910000,251594.9125081825,29340000,2,26820000,26820000.0,42426.40687119285,53640000
1,10000,1000,10,3,9733333.333333334,9730000,15275.252316519467,29200000,3,26500000,26320000,438634.2439892262,79500000
1,10000,1000,10,3,9240000,9240000,180000.0,27720000,4,24985000,25165000.0,837953.8571226143,99940000
1,10000,1000,10,3,8983333.333333334,8980000,535007.7881053073,26950000,5,23642000,23320000,815456.9271273621,118210000
1,10000,1000,10,4,9967500,9970000.0,55602.75772537426,39870000,1,35890000,35890000,0,35890000
1,10000,1000,10,4,9505000,9570000.0,279821.37159266445,38020000,2,34640000,34640000.0,494974.74683058326,69280000
1,10000,1000,10,4,9342500,9400000.0,214689.69855739857,37370000,3,34796666.666666664,34620000,537246.0640463859,104390000
1,10000,1000,10,4,8335000,8345000.0,364645.9470043054,33340000,4,28142500,27650000.0,1430416.605981162,112570000
1,10000,1000,10,4,7452500,7580000.0,528417.4486142561,29810000,5,24152000,23660000,1484375.289473656,120760000
1,10000,1000,10,5,9862000,9860000,103295.69206893383,49310000,1,46120000,46120000,0,46120000
1,10000,1000,10,5,9440000,9500000,213072.75752662515,47200000,2,40230000,40230000.0,1187939.3923933997,80460000
1,10000,1000,10,5,7774000,7810000,339455.4462665167,38870000,3,30890000,30930000,4160144.228269015,92670000
1,10000,1000,10,5,7478000,7900000,792035.3527463279,37390000,4,27782500,28100000.0,2940945.1428636564,111130000
1,10000,1000,10,5,6578000,6480000,654576.198772916,32890000,5,26416000,26280000,1718103.6057234732,132080000
3,10,1,10,1,30,30,0,30,1,20,20,0,20
3,10,1,10,1,30,30,0,30,2,25,25.0,7.0710678118654755,50
3,10,1,10,1,30,30,0,30,3,20,20,0.0,60
3,10,1,10,1,30,30,0,30,4,22.5,20.0,5.0,90
3,10,1,10,1,30,30,0,30,5,22,20,4.47213595499958,110
3,10,1,10,2,30,30.0,0.0,60,1,40,40,0,40
3,10,1,10,2,30,30.0,0.0,60,2,40,40.0,0.0,80
3,10,1,10,2,30,30.0,0.0,60,3,43.333333333333336,40,5.773502691896258,130
3,10,1,10,2,30,30.0,0.0,60,4,40,40.0,0.0,160
3,10,1,10,2,30,30.0,0.0,60,5,42,40,4.47213595499958,210
3,10,1,10,3,30,30,0.0,90,1,60,60,0,60
3,10,1,10,3,30,30,0.0,90,2,75,75.0,21.213203435596427,150
3,10,1,10,3,30,30,0.0,90,3,60,60,0.0,180
3,10,1,10,3,30,30,0.0,90,4,67.5,65.0,9.574271077563381,270
3,10,1,10,3,33.333333333333336,30,5.773502691896258,100,5,70,70,0.0,350
3,10,1,10,4,30,30.0,0.0,120,1,80,80,0,80
3,10,1,10,4,30,30.0,0.0,120,2,95,95.0,21.213203435596427,190
3,10,1,10,4,30,30.0,0.0,120,3,83.33333333333333,80,5.773502691896257,250
3,10,1,10,4,30,30.0,0.0,120,4,90,90.0,11.547005383792516,360
3,10,1,10,4,30,30.0,0.0,120,5,80,80,0.0,400
3,10,1,10,5,30,30,0.0,150,1,130,130,0,130
3,10,1,10,5,30,30,0.0,150,2,100,100.0,0.0,200
3,10,1,10,5,30,30,0.0,150,3,100,100,0.0,300
3,10,1,10,5,30,30,0.0,150,4,112.5,115.0,9.574271077563381,450
3,10,1,10,5,32,30,4.47213595499958,160,5,112,110,4.47213595499958,560
3,10,10,10,1,300,300,0,300,1,290,290,0,290
3,10,10,10,1,300,300,0,300,2,280,280.0,0.0,560
3,10,10,10,1,300,300,0,300,3,0,0,0.0,0
3,10,10,10,1,300,300,0,300,4,275,285.0,23.804761428476166,1100
3,10,10,10,1,300,300,0,300,5,292,290,4.47213595499958,1460
3,10,10,10,2,300,300.0,0.0,600,1,580,580,0,580
3,10,10,10,2,300,300.0,0.0,600,2,580,580.0,14.142135623730951,1160
3,10,10,10,2,300,300.0,0.0,600,3,566.6666666666666,580,23.09401076758503,1700
3,10,10,10,2,300,300.0,0.0,600,4,580,580.0,0.0,2320
3,10,10,10,2,300,300.0,0.0,600,5,562,560,8.366600265340756,2810
3,10,10,10,3,300,300,0.0,900,1,870,870,0,870
3,10,10,10,3,300,300,0.0,900,2,860,860.0,0.0,1720
3,10,10,10,3,300,300,0.0,900,3,836.6666666666666,840,15.275252316519467,2510
3,10,10,10,3,303.3333333333333,300,5.773502691896258,910,4,882.5,885.0,9.574271077563381,3530
3,10,10,10,3,303.3333333333333,300,5.773502691896258,910,5,862,860,10.954451150103322,4310
3,10,10,10,4,300,300.0,0.0,1200,1,1130,1130,0,1130
3,10,10,10,4,300,300.0,0.0,1200,2,1140,1140.0,14.142135623730951,2280
3,10,10,10,4,300,300.0,0.0,1200,3,1153.3333333333333,1150,5.773502691896257,3460
3,10,10,10,4,300,300.0,0.0,1200,4,1155,1155.0,5.773502691896258,4620
3,10,10,10,4,300,300.0,0.0,1200,5,1124,1120,20.73644135332772,5620
3,10,10,10,5,302,300,4.47213595499958,1510,1,1450,1450,0,1450
3,10,10,10,5,300,300,0.0,1500,2,1440,1440.0,42.42640687119285,2880
3,10,10,10,5,300,300,0.0,1500,3,1430,1430,0.0,4290
3,10,10,10,5,302,300,4.47213595499958,1510,4,1422.5,1420.0,12.583057392117917,5690
3,10,10,10,5,300,300,0.0,1500,5,1416,1420,8.94427190999916,7080
3,10,100,10,1,3000,3000,0,3000,1,2950,2950,0,2950
3,10,100,10,1,3000,3000,0,3000,2,2790,2790.0,28.284271247461902,5580
3,10,100,10,1,3000,3000,0,3000,3,2950,2950,10.0,8850
3,10,100,10,1,3000,3000,0,3000,4,2935,2940.0,30.0,11740
3,10,100,10,1,3000,3000,0,3000,5,2880,2950,130.38404810405297,14400
3,10,100,10,2,3000,3000.0,0.0,6000,1,5720,5720,0,5720
3,10,100,10,2,3000,3000.0,0.0,6000,2,5835,5835.0,21.213203435596427,11670
3,10,100,10,2,3000,3000.0,0.0,6000,3,5923.333333333333,5930,30.550504633038933,17770
3,10,100,10,2,3000,3000.0,0.0,6000,4,5855,5855.0,28.867513459481287,23420
3,10,100,10,2,3000,3000.0,0.0,6000,5,5796,5770,76.3544366752843,28980
3,10,100,10,3,3000,3000,0.0,9000,1,8570,8570,0,8570
3,10,100,10,3,3000,3000,0.0,9000,2,8625,8625.0,120.20815280171308,17250
3,10,100,10,3,3000,3000,0.0,9000,3,8833.333333333334,8790,92.9157324317757,26500
3,10,100,10,3,3000,3000,0.0,9000,4,8820,8795.0,53.54126134736337,35280
3,10,100,10,3,3003.3333333333335,3000,5.773502691896258,9010,5,8680,8690,48.98979485566356,43400
3,10,100,10,4,3002.5,3000.0,5.0,12010,1,11750,11750,0,11750
3,10,100,10,4,3002.5,3000.0,5.0,12010,2,11740,11740.0,141.4213562373095,23480
3,10,100,10,4,3000,3000.0,0.0,12000,3,11710,11700,85.44003745317531,35130
3,10,100,10,4,3000,3000.0,0.0,12000,4,11690,11700.0,66.8331255192114,46760
3,10,100,10,4,3005,3005.0,5.773502691896258,12020,5,11612,11630,68.70225614927067,58060
3,10,100,10,5,3000,3000,0.0,15000,1,14560,14560,0,14560
3,10,100,10,5,3002,3000,4.47213595499958,15010,2,14540,14540.0,311.1269837220809,29080
3,10,100,10,5,3000,3000,0.0,15000,3,14290,14280,125.29964086141668,42870
3,10,100,10,5,3000,3000,0.0,15000,4,14337.5,14310.0,115.86630226256467,57350
3,10,100,10,5,3002,3000,4.47213595499958,15010,5,14058,14060,139.71399357258383,70290
3,10,1000,10,1,29980,29980,0,29980,1,29840,29840,0,29840
3,10,1000,10,1,29940,29940,0,29940,2,29385,29385.0,77.78174593052023,58770
3,10,1000,10,1,29970,29970,0,29970,3,29140,29160,131.14877048604,87420
3,10,1000,10,1,29190,29190,0,29190,4,28682.5,28740.0,166.80827317612278,114730
3,10,1000,10,1,24700,24700,0,24700,5,23302,23360,299.3659967330959,116510
3,10,1000,10,2,29945,29945.0,35.35533905932738,59890,1,58010,58010,0,58010
3,10,1000,10,2,29940,29940.0,14.142135623730951,59880,2,58620,58620.0,169.7056274847714,117240
3,10,1000,10,2,29845,29845.0,77.78174593052023,59690,3,58103.333333333336,57970,293.6551265231604,174310
3,10,1000,10,2,29600,29600.0,42.42640687119285,59200,4,57502.5,57480.0,468.28588134457635,230010
3,10,1000,10,2,28420,28420.0,466.6904755831214,56840,5,55366,55060,772.6448084339919,276830
3,10,1000,10,3,29833.333333333332,29840,30.550504633038933,89500,1,87460,87460,0,87460
3,10,1000,10,3,29683.333333333332,29700,96.09023536933049,89050,2,85005,85005.0,3330.4729393886387,170010
3,10,1000,10,3,29300,29310,65.57438524302,87900,3,84380,83750,1214.4546101028232,253140
3,10,1000,10,3,27966.666666666668,27940,102.63202878893767,83900,4,78390,78670.0,1338.2824813917277,313560
3,10,1000,10,3,25493.333333333332,25940,2598.9485053254393,76480,5,73804,73900,1058.9759204061252,369020
3,10,1000,10,4,29930,29945.0,74.38637868140465,119720,1,116360,116360,0,116360
3,10,1000,10,4,28795,28695.0,476.9696007084728,115180,2,109885,109885.0,1689.9852070358486,219770
3,10,1000,10,4,27135,27305.0,1062.3401840590739,108540,3,105380,105160,696.56299069072,316140
3,10,1000,10,4,23925,23730.0,1422.6852544865055,95700,4,89290,89670.0,1194.487337731129,357160
3,10,1000,10,4,19707.5,19300.0,973.9738189499757,78830,5,74586,74250,1008.429472000893,372930
3,10,1000,10,5,29736,29640,171.40595088852663,148680,1,142890,142890,0,142890
3,10,1000,10,5,29436,29420,180.77610461562668,147180,2,142005,142005.0,2778.9296500631317,284010
3,10,1000,10,5,23058,22830,922.2093037917151,115290,3,110620,110030,1722.5272131377199,331860
3,10,1000,10,5,19636,19110,2014.194628133041,98180,4,88790,88045.0,4102.300167792048,355160
3,10,1000,10,5,16272,17870,2326.64350513782,81360,5,73432,73610,2689.4646307397315,367160
3,100,1,10,1,300,300,0,300,1,200,200,0,200
3,100,1,10,1,300,300,0,300,2,250,250.0,70.71067811865476,500
3,100,1,10,1,300,300,0,300,3,233.33333333333334,200,57.735026918962575,700
3,100,1,10,1,300,300,0,300,4,200,200.0,0.0,800
3,100,1,10,1,300,300,0,300,5,220,200,44.721359549995796,1100
3,100,1,10,2,300,300.0,0.0,600,1,400,400,0,400
3,100,1,10,2,300,300.0,0.0,600,2,400,400.0,0.0,800
3,100,1,10,2,300,300.0,0.0,600,3,433.3333333333333,400,57.735026918962575,1300
3,100,1,10,2,300,300.0,0.0,600,4,425,400.0,50.0,1700
3,100,1,10,2,300,300.0,0.0,600,5,480,400,109.54451150103323,2400
3,100,1,10,3,300,300,0.0,900,1,600,600,0,600
3,100,1,10,3,300,300,0.0,900,2,600,600.0,0.0,1200
3,100,1,10,3,300,300,0.0,900,3,600,600,0.0,1800
3,100,1,10,3,300,300,0.0,900,4,600,600.0,0.0,2400
3,100,1,10,3,300,300,0.0,900,5,600,600,0.0,3000
3,100,1,10,4,300,300.0,0.0,1200,1,800,800,0,800
3,100,1,10,4,300,300.0,0.0,1200,2,800,800.0,0.0,1600
3,100,1,10,4,300,300.0,0.0,1200,3,833.3333333333334,800,57.735026918962575,2500
3,100,1,10,4,300,300.0,0.0,1200,4,800,800.0,0.0,3200
3,100,1,10,4,300,300.0,0.0,1200,5,840,800,54.772255750516614,4200
3,100,1,10,5,300,300,0.0,1500,1,1100,1100,0,1100
3,100,1,10,5,300,300,0.0,1500,2,1000,1000.0,0.0,2000
3,100,1,10,5,300,300,0.0,1500,3,1066.6666666666667,1000,115.47005383792515,3200
3,100,1,10,5,300,300,0.0,1500,4,1050,1000.0,100.0,4200
3,100,1,10,5,300,300,0.0,1500,5,1000,1000,0.0,5000
3,100,10,10,1,3000,3000,0,3000,1,2800,2800,0,2800
3,100,10,10,1,3000,3000,0,3000,2,2800,2800.0,0.0,5600
3,100,10,10,1,3000,3000,0,3000,3,2900,2900,0.0,8700
3,100,10,10,1,3000,3000,0,3000,4,2925,2900.0,50.0,11700
3,100,10,10,1,3000,3000,0,3000,5,2880,2900,44.721359549995796,14400
3,100,10,10,2,3000,3000.0,0.0,6000,1,5800,5800,0,5800
3,100,10,10,2,3000,3000.0,0.0,6000,2,5800,5800.0,0.0,11600
3,100,10,10,2,3050,3050.0,70.71067811865476,6100,3,5766.666666666667,5800,57.735026918962575,17300
3,100,10,10,2,3000,3000.0,0.0,6000,4,5525,5550.0,95.74271077563381,22100
3,100,10,10,2,3000,3000.0,0.0,6000,5,5720,5700,109.54451150103323,28600
3,100,10,10,3,3000,3000,0.0,9000,1,8800,8800,0,8800
3,100,10,10,3,3000,3000,0.0,9000,2,8400,8400.0,141.4213562373095,16800
3,100,10,10,3,3000,3000,0.0,9000,3,8500,8500,0.0,25500
3,100,10,10,3,3000,3000,0.0,9000,4,8575,8600.0,50.0,34300
3,100,10,10,3,3000,3000,0.0,9000,5,8360,8400,151.65750888103102,41800
3,100,10,10,4,3000,3000.0,0.0,12000,1,11500,11500,0,11500
3,100,10,10,4,3000,3000.0,0.0,12000,2,11500,11500.0,141.4213562373095,23000
3,100,10,10,4,3000,3000.0,0.0,12000,3,11500,11500,0.0,34500
3,100,10,10,4,3000,3000.0,0.0,12000,4,11600,11600.0,0.0,46400
3,100,10,10,4,3000,3000.0,0.0,12000,5,11420,11400,130.38404810405297,57100
3,100,10,10,5,3000,3000,0.0,15000,1,14300,14300,0,14300
3,100,10,10,5,3000,3000,0.0,15000,2,14550,14550.0,212.13203435596427,29100
3,100,10,10,5,3000,3000,0.0,15000,3,14200,14200,0.0,42600
3,100,10,10,5,3000,3000,0.0,15000,4,13875,13850.0,95.74271077563381,55500
3,100,10,10,5,3000,3000,0.0,15000,5,14480,14500,44.721359549995796,72400
3,100,100,10,1,30000,30000,0,30000,1,29600,29600,0,29600
3,100,100,10,1,30000,30000,0,30000,2,29000,29000.0,565.685424949238,58000
3,100,100,10,1,30000,30000,0,30000,3,29233.333333333332,29200,57.735026918962575,87700
3,100,100,10,1,30000,30000,0,30000,4,29450,29500.0,173.20508075688772,117800
3,100,100,10,1,30000,30000,0,30000,5,28260,28600,904.4335243676011,141300
3,100,100,10,2,30000,30000.0,0.0,60000,1,58300,58300,0,58300
3,100,100,10,2,30000,30000.0,0.0,60000,2,58650,58650.0,70.71067811865476,117300
3,100,100,10,2,30000,30000.0,0.0,60000,3,58266.666666666664,58200,115.47005383792515,174800
3,100,100,10,2,30000,30000.0,0.0,60000,4,57975,57850.0,359.3976442141304,231900
3,100,100,10,2,30000,30000.0,0.0,60000,5,57060,57400,512.8352561983233,285300
3,100,100,10,3,30000,30000,0.0,90000,1,85800,85800,0,85800
3,100,100,10,3,30000,30000,0.0,90000,2,87350,87350.0,70.71067811865476,174700
3,100,100,10,3,30000,30000,0.0,90000,3,84566.66666666667,84100,1266.2279942148386,253700
3,100,100,10,3,30000,30000,0.0,90000,4,85650,85600.0,443.471156521669,342600
3,100,100,10,3,30000,30000,0.0,90000,5,88240,88100,320.9361307176242,441200
3,100,100,10,4,30050,30050.0,57.735026918962575,120200,1,117100,117100,0,117100
3,100,100,10,4,30000,30000.0,0.0,120000,2,116750,116750.0,919.2388155425118,233500
3,100,100,10,4,30025,30000.0,50.0,120100,3,114566.66666666667,114400,472.5815626252608,343700
3,100,100,10,4,30025,30000.0,50.0,120100,4,115900,116000.0,424.26406871192853,463600
3,100,100,10,4,30000,30000.0,0.0,120000,5,114160,113400,1616.477652180815,570800
3,100,100,10,5,30000,30000,0.0,150000,1,144000,144000,0,144000
3,100,100,10,5,30000,30000,0.0,150000,2,144000,144000.0,848.5281374238571,288000
3,100,100,10,5,30020,30000,44.721359549995796,150100,3,142500,140800,3207.802986469088,427500
3,100,100,10,5,30000,30000,0.0,150000,4,141350,141650.0,1271.4820748507102,565400
3,100,100,10,5,30020,30000,44.721359549995796,150100,5,138380,137800,1907.0920271449934,691900
3,100,1000,10,1,300100,300100,0,300100,1,297200,297200,0,297200
3,100,1000,10,1,298900,298900,0,298900,2,294700,294700.0,4242.640687119285,589400
3,100,1000,10,1,299700,299700,0,299700,3,291400,292700,4493.328387732195,874200
3,100,1000,10,1,298600,298600,0,298600,4,291725,290750.0,3738.4265852539265,1166900
3,100,1000,10,1,298500,298500,0,298500,5,291820,291600,4191.3005141602525,1459100
3,100,1000,10,2,299300,299300.0,0.0,598600,1,579200,579200,0,579200
3,100,1000,10,2,298650,298650.0,70.71067811865476,597300,2,583800,583800.0,1131.370849898476,1167600
3,100,1000,10,2,296500,296500.0,141.4213562373095,593000,3,564300,576000,23001.95643852931,1692900
3,100,1000,10,2,290500,290500.0,4101.219330881976,581000,4,563950,561800.0,7372.69738065158,2255800
3,100,1000,10,2,287300,287300.0,1697.0562748477141,574600,5,558400,557700,3405.87727318528,2792000
3,100,1000,10,3,297266.6666666667,297700,1021.4368964029709,891800,1,836700,836700,0,836700
3,100,1000,10,3,295866.6666666667,295100,2250.185177565023,887600,2,854950,854950.0,1626.3455967290593,1709900
3,100,1000,10,3,289833.3333333333,288100,5316.327052894068,869500,3,827800,822500,18624.446300494412,2483400
3,100,1000,10,3,285600,288300,4938.623289946298,856800,4,808550,812150.0,12390.991351246545,3234200
3,100,1000,10,3,234100,256500,45719.58005056477,702300,5,677260,676000,9891.562060665647,3386300
3,100,1000,10,4,297100,297000.0,2495.328969628387,1188400,1,1133300,1133300,0,1133300
3,100,1000,10,4,292100,292000.0,2970.9706606876257,1168400,2,1128200,1128200.0,2545.584412271571,2256400
3,100,1000,10,4,281125,280950.0,850.0,1124500,3,1068033.3333333333,1062600,14438.259359539617,3204100
3,100,1000,10,4,221550,224500.0,19934.810424648305,886200,4,852000,852400.0,2930.301463444788,3408000
3,100,1000,10,4,206600,224650.0,43255.134569975235,826400,5,758060,774100,32723.43197160102,3790300
3,100,1000,10,5,292960,293100,2681.044572550035,1464800,1,1403300,1403300,0,1403300
3,100,1000,10,5,281260,281700,1180.2542099056457,1406300,2,1330000,1330000.0,14990.663761154807,2660000
3,100,1000,10,5,227140,221900,9655.464773898768,1135700,3,1074433.3333333333,1074500,26700.062421899565,3223300
3,100,1000,10,5,201280,205700,13038.673245388121,1006400,4,929075,930600.0,11772.10686325944,3716300
3,100,1000,10,5,160200,169300,15025.644744901963,801000,5,697340,696100,21300.53989926077,3486700
3,1000,1,10,1,3000,3000,0,3000,1,2000,2000,0,2000
3,1000,1,10,1,3000,3000,0,3000,2,2000,2000.0,0.0,4000
3,1000,1,10,1,3000,3000,0,3000,3,2000,2000,0.0,6000
3,1000,1,10,1,3000,3000,0,3000,4,2000,2000.0,0.0,8000
3,1000,1,10,1,3000,3000,0,3000,5,2000,2000,0.0,10000
3,1000,1,10,2,3000,3000.0,0.0,6000,1,4000,4000,0,4000
3,1000,1,10,2,3000,3000.0,0.0,6000,2,4000,4000.0,0.0,8000
3,1000,1,10,2,3000,3000.0,0.0,6000,3,4000,4000,0.0,12000
3,1000,1,10,2,3500,3500.0,707.1067811865476,7000,4,5000,5000.0,0.0,20000
3,1000,1,10,2,3000,3000.0,0.0,6000,5,4600,5000,547.7225575051662,23000
3,1000,1,10,3,3000,3000,0.0,9000,1,6000,6000,0,6000
3,1000,1,10,3,3000,3000,0.0,9000,2,7000,7000.0,1414.213562373095,14000
3,1000,1,10,3,3000,3000,0.0,9000,3,6000,6000,0.0,18000
3,1000,1,10,3,3000,3000,0.0,9000,4,6750,6000.0,1500.0,27000
3,1000,1,10,3,3000,3000,0.0,9000,5,7000,6000,1414.213562373095,35000
3,1000,1,10,4,3000,3000.0,0.0,12000,1,8000,8000,0,8000
3,1000,1,10,4,3000,3000.0,0.0,12000,2,8500,8500.0,707.1067811865476,17000
3,1000,1,10,4,3500,3500.0,577.3502691896257,14000,3,8000,8000,0.0,24000
3,1000,1,10,4,3000,3000.0,0.0,12000,4,8250,8000.0,500.0,33000
3,1000,1,10,4,3000,3000.0,0.0,12000,5,8000,8000,0.0,40000
3,1000,1,10,5,3000,3000,0.0,15000,1,10000,10000,0,10000
3,1000,1,10,5,3000,3000,0.0,15000,2,11500,11500.0,2121.3203435596424,23000
3,1000,1,10,5,3000,3000,0.0,15000,3,10000,10000,0.0,30000
3,1000,1,10,5,3000,3000,0.0,15000,4,10750,10500.0,957.427107756338,43000
3,1000,1,10,5,3000,3000,0.0,15000,5,10000,10000,0.0,50000
3,1000,10,10,1,30000,30000,0,30000,1,29000,29000,0,29000
3,1000,10,10,1,30000,30000,0,30000,2,28500,28500.0,707.1067811865476,57000
3,1000,10,10,1,30000,30000,0,30000,3,28666.666666666668,29000,577.3502691896257,86000
3,1000,10,10,1,30000,30000,0,30000,4,29250,29000.0,500.0,117000
3,1000,10,10,1,30000,30000,0,30000,5,29000,29000,0.0,145000
3,1000,10,10,2,30000,30000.0,0.0,60000,1,59000,59000,0,59000
3,1000,10,10,2,30000,30000.0,0.0,60000,2,58000,58000.0,1414.213562373095,116000
3,1000,10,10,2,30500,30500.0,707.1067811865476,61000,3,58000,58000,2000.0,174000
3,1000,10,10,2,30000,30000.0,0.0,60000,4,57250,57500.0,957.427107756338,229000
3,1000,10,10,2,30000,30000.0,0.0,60000,5,57600,58000,1673.320053068151,288000
3,1000,10,10,3,30000,30000,0.0,90000,1,86000,86000,0,86000
3,1000,10,10,3,30000,30000,0.0,90000,2,88000,88000.0,0.0,176000
3,1000,10,10,3,30333.333333333332,30000,577.3502691896257,91000,3,86000,86000,1000.0,258000
3,1000,10,10,3,30000,30000,0.0,90000,4,87000,87000.0,1825.7418583505537,348000
3,1000,10,10,3,30000,30000,0.0,90000,5,85400,86000,1341.640786499874,427000
3,1000,10,10,4,30250,30000.0,500.0,121000,1,115000,115000,0,115000
3,1000,10,10,4,30000,30000.0,0.0,120000,2,115000,115000.0,1414.213562373095,230000
3,1000,10,10,4,30250,30000.0,500.0,121000,3,113666.66666666667,113000,1154.7005383792514,341000
3,1000,10,10,4,30000,30000.0,0.0,120000,4,115500,116000.0,1000.0,462000
3,1000,10,10,4,30250,30000.0,500.0,121000,5,111200,111000,447.21359549995793,556000
3,1000,10,10,5,30200,30000,447.21359549995793,151000,1,144000,144000,0,144000
3,1000,10,10,5,30000,30000,0.0,150000,2,146500,146500.0,2121.3203435596424,293000
3,1000,10,10,5,30000,30000,0.0,150000,3,141333.33333333334,141000,577.3502691896257,424000
3,1000,10,10,5,30000,30000,0.0,150000,4,137000,136500.0,1414.213562373095,548000
3,1000,10,10,5,30200,30000,447.21359549995793,151000,5,143200,144000,1095.4451150103323,716000
3,1000,100,10,1,300000,300000,0,300000,1,293000,293000,0,293000
3,1000,100,10,1,300000,300000,0,300000,2,289500,289500.0,6363.961030678927,579000
3,1000,100,10,1,300000,300000,0,300000,3,293000,293000,4000.0,879000
3,1000,100,10,1,300000,300000,0,300000,4,291250,291500.0,1707.825127659933,1165000
3,1000,100,10,1,300000,300000,0,300000,5,283600,283000,2073.6441353327723,1418000
3,1000,100,10,2,300000,300000.0,0.0,600000,1,582000,582000,0,582000
3,1000,100,10,2,300000,300000.0,0.0,600000,2,581500,581500.0,4949.747468305833,1163000
3,1000,100,10,2,300000,300000.0,0.0,600000,3,573333.3333333334,573000,6506.407098647712,1720000
3,1000,100,10,2,300000,300000.0,0.0,600000,4,584750,585000.0,1258.3057392117917,2339000
3,1000,100,10,2,300000,300000.0,0.0,600000,5,571200,569000,5118.593556827891,2856000
3,1000,100,10,3,300000,300000,0.0,900000,1,850000,850000,0,850000
3,1000,100,10,3,300000,300000,0.0,900000,2,876000,876000.0,5656.85424949238,1752000
3,1000,100,10,3,300000,300000,0.0,900000,3,873333.3333333334,878000,8962.8864398325,2620000
3,1000,100,10,3,300000,300000,0.0,900000,4,865750,868000.0,6701.989754294366,3463000
3,1000,100,10,3,300333.3333333333,300000,577.3502691896257,901000,5,826800,828000,4549.72526643093,4134000
3,1000,100,10,4,300000,300000.0,0.0,1200000,1,1153000,1153000,0,1153000
3,1000,100,10,4,300000,300000.0,0.0,1200000,2,1148500,1148500.0,2121.3203435596424,2297000
3,1000,100,10,4,300000,300000.0,0.0,1200000,3,1138666.6666666667,1143000,9291.573243177569,3416000
3,1000,100,10,4,300000,300000.0,0.0,1200000,4,1137500,1141500.0,12767.145334803705,4550000
3,1000,100,10,4,300000,300000.0,0.0,1200000,5,1098800,1155000,125961.10510788638,5494000
3,1000,100,10,5,300000,300000,0.0,1500000,1,1458000,1458000,0,1458000
3,1000,100,10,5,300200,300000,447.21359549995793,1501000,2,1438500,1438500.0,41719.300090006305,2877000
3,1000,100,10,5,300200,300000,447.21359549995793,1501000,3,1434333.3333333333,1440000,21079.21567168317,4303000
3,1000,100,10,5,300000,300000,0.0,1500000,4,1454000,1456000.0,4690.41575982343,5816000
3,1000,100,10,5,300000,300000,0.0,1500000,5,1416400,1418000,9181.503144910424,7082000
3,1000,1000,10,1,3000000,3000000,0,3000000,1,2960000,2960000,0,2960000
3,1000,1000,10,1,2983000,2983000,0,2983000,2,2834500,2834500.0,3535.5339059327375,5669000
3,1000,1000,10,1,2979000,2979000,0,2979000,3,2830333.3333333335,2844000,31785.74103797697,8491000
3,1000,1000,10,1,2971000,2971000,0,2971000,4,2878500,2880500.0,42540.17708786209,11514000
3,1000,1000,10,1,2971000,2971000,0,2971000,5,2896400,2913000,27745.26986713231,14482000
3,1000,1000,10,2,2990000,2990000.0,2828.42712474619,5980000,1,5765000,5765000,0,5765000
3,1000,1000,10,2,2989000,2989000.0,15556.349186104046,5978000,2,5754000,5754000.0,89095.45442950499,11508000
3,1000,1000,10,2,2957000,2957000.0,46669.04755831214,5914000,3,5722000,5691000,63458.64795282043,17166000
3,1000,1000,10,2,2964000,2964000.0,22627.41699796952,5928000,4,5648750,5773500.0,260731.50301922986,22595000
3,1000,1000,10,2,2938000,2938000.0,9899.494936611665,5876000,5,5589800,5573000,93323.09467650545,27949000
3,1000,1000,10,3,2979000,2981000,12124.355652982142,8937000,1,8796000,8796000,0,8796000
3,1000,1000,10,3,2944666.6666666665,2943000,11590.225767142474,8834000,2,8645000,8645000.0,65053.82386916237,17290000
3,1000,1000,10,3,2958000,2965000,21377.55832643195,8874000,3,8605333.333333334,8598000,106190.08114383063,25816000
3,1000,1000,10,3,2885000,2878000,84717.17653463199,8655000,4,8398500,8387500.0,57506.5213693195,33594000
3,1000,1000,10,3,2835333.3333333335,2840000,36226.141573915,8506000,5,8103800,8136000,149421.2166996374,40519000
3,1000,1000,10,4,2991500,2992500.0,8103.497187428812,11966000,1,11561000,11561000,0,11561000
3,1000,1000,10,4,2946250,2959000.0,37268.17230112937,11785000,2,11403500,11403500.0,99702.0561473032,22807000
3,1000,1000,10,4,2864750,2871500.0,65382.846884077066,11459000,3,10839000,10975000,273643.9292218996,32517000
3,1000,1000,10,4,2746500,2742500.0,36004.62933198082,10986000,4,10487000,10512500.0,179229.83382610534,41948000
3,1000,1000,10,4,2438750,2440500.0,27861.263431510066,9755000,5,9251400,9321000,213572.7042484596,46257000
3,1000,1000,10,5,2965400,2959000,19346.834366376326,14827000,1,14510000,14510000,0,14510000
3,1000,1000,10,5,2858400,2855000,8473.488065725944,14292000,2,13759500,13759500.0,79903.06627407987,27519000
3,1000,1000,10,5,2731600,2761000,52509.99904780041,13658000,3,13140000,13226000,168368.6431613678,39420000
3,1000,1000,10,5,2507000,2493000,139278.4979815621,12535000,4,11421000,11340500.0,411357.91390628833,45684000
3,1000,1000,10,5,2243800,2265000,152281.64695720887,11219000,5,9963800,9948000,174126.9651719687,49819000
3,10000,1,10,1,30000,30000,0,30000,1,20000,20000,0,20000
3,10000,1,10,1,30000,30000,0,30000,2,20000,20000.0,0.0,40000
3,10000,1,10,1,30000,30000,0,30000,3,23333.333333333332,20000,5773.502691896258,70000
3,10000,1,10,1,30000,30000,0,30000,4,20000,20000.0,0.0,80000
3,10000,1,10,1,30000,30000,0,30000,5,20000,20000,0.0,100000
3,10000,1,10,2,30000,30000.0,0.0,60000,1,50000,50000,0,50000
3,10000,1,10,2,30000,30000.0,0.0,60000,2,45000,45000.0,7071.067811865475,90000
3,10000,1,10,2,30000,30000.0,0.0,60000,3,40000,40000,0.0,120000
3,10000,1,10,2,30000,30000.0,0.0,60000,4,42500,40000.0,5000.0,170000
3,10000,1,10,2,30000,30000.0,0.0,60000,5,40000,40000,0.0,200000
3,10000,1,10,3,30000,30000,0.0,90000,1,60000,60000,0,60000
3,10000,1,10,3,30000,30000,0.0,90000,2,60000,60000.0,0.0,120000
3,10000,1,10,3,30000,30000,0.0,90000,3,70000,70000,10000.0,210000
3,10000,1,10,3,30000,30000,0.0,90000,4,67500,65000.0,9574.27107756338,270000
3,10000,1,10,3,30000,30000,0.0,90000,5,62000,60000,4472.13595499958,310000
3,10000,1,10,4,30000,30000.0,0.0,120000,1,80000,80000,0,80000
3,10000,1,10,4,30000,30000.0,0.0,120000,2,80000,80000.0,0.0,160000
3,10000,1,10,4,30000,30000.0,0.0,120000,3,80000,80000,0.0,240000
3,10000,1,10,4,30000,30000.0,0.0,120000,4,85000,80000.0,10000.0,340000
3,10000,1,10,4,30000,30000.0,0.0,120000,5,80000,80000,0.0,400000
3,10000,1,10,5,30000,30000,0.0,150000,1,100000,100000,0,100000
3,10000,1,10,5,30000,30000,0.0,150000,2,100000,100000.0,0.0,200000
3,10000,1,10,5,32000,30000,4472.13595499958,160000,3,103333.33333333333,100000,5773.502691896258,310000
3,10000,1,10,5,30000,30000,0.0,150000,4,100000,100000.0,0.0,400000
3,10000,1,10,5,30000,30000,0.0,150000,5,104000,100000,8944.27190999916,520000
3,10000,10,10,1,300000,300000,0,300000,1,290000,290000,0,290000
3,10000,10,10,1,300000,300000,0,300000,2,290000,290000.0,0.0,580000
3,10000,10,10,1,300000,300000,0,300000,3,296666.6666666667,300000,5773.502691896258,890000
3,10000,10,10,1,300000,300000,0,300000,4,282500,280000.0,5000.0,1130000
3,10000,10,10,1,300000,300000,0,300000,5,284000,280000,5477.2255750516615,1420000
3,10000,10,10,2,300000,300000.0,0.0,600000,1,590000,590000,0,590000
3,10000,10,10,2,300000,300000.0,0.0,600000,2,575000,575000.0,21213.203435596424,1150000
3,10000,10,10,2,300000,300000.0,0.0,600000,3,573333.3333333334,570000,5773.502691896258,1720000
3,10000,10,10,2,300000,300000.0,0.0,600000,4,572500,565000.0,18929.69448600091,2290000
3,10000,10,10,2,300000,300000.0,0.0,600000,5,572000,570000,8366.600265340756,2860000
3,10000,10,10,3,300000,300000,0.0,900000,1,840000,840000,0,840000
3,10000,10,10,3,300000,300000,0.0,900000,2,870000,870000.0,0.0,1740000
3,10000,10,10,3,300000,300000,0.0,900000,3,870000,870000,0.0,2610000
3,10000,10,10,3,300000,300000,0.0,900000,4,845000,840000.0,30000.0,3380000
3,10000,10,10,3,300000,300000,0.0,900000,5,854000,860000,8944.27190999916,4270000
3,10000,10,10,4,300000,300000.0,0.0,1200000,1,1150000,1150000,0,1150000
3,10000,10,10,4,300000,300000.0,0.0,1200000,2,1145000,1145000.0,35355.33905932738,2290000
3,10000,10,10,4,302500,300000.0,5000.0,1210000,3,1140000,1140000,10000.0,3420000
3,10000,10,10,4,300000,300000.0,0.0,1200000,4,1150000,1150000.0,0.0,4600000
3,10000,10,10,4,300000,300000.0,0.0,1200000,5,1148000,1150000,10954.451150103323,5740000
3,10000,10,10,5,300000,300000,0.0,1500000,1,1460000,1460000,0,1460000
3,10000,10,10,5,302000,300000,4472.13595499958,1510000,2,1460000,1460000.0,0.0,2920000
3,10000,10,10,5,304000,300000,5477.2255750516615,1520000,3,1423333.3333333333,1420000,5773.502691896258,4270000
3,10000,10,10,5,300000,300000,0.0,1500000,4,1412500,1410000.0,15000.0,5650000
3,10000,10,10,5,300000,300000,0.0,1500000,5,1376000,1390000,45607.01700396552,6880000
3,10000,100,10,1,3000000,3000000,0,3000000,1,2930000,2930000,0,2930000
3,10000,100,10,1,3000000,3000000,0,3000000,2,0,0.0,0.0,0
3,10000,100,10,1,3000000,3000000,0,3000000,3,2930000,2930000,0.0,8790000
3,10000,100,10,1,3000000,3000000,0,3000000,4,2942500,2940000.0,12583.057392117917,11770000
3,10000,100,10,1,3000000,3000000,0,3000000,5,2914000,2920000,41593.26868617084,14570000
3,10000,100,10,2,3005000,3005000.0,7071.067811865475,6010000,1,5660000,5660000,0,5660000
3,10000,100,10,2,3000000,3000000.0,0.0,6000000,2,5790000,5790000.0,14142.13562373095,11580000
3,10000,100,10,2,3000000,3000000.0,0.0,6000000,3,5803333.333333333,5800000,5773.502691896258,17410000
3,10000,100,10,2,3000000,3000000.0,0.0,6000000,4,5755000,5760000.0,26457.513110645905,23020000
3,10000,100,10,2,3000000,3000000.0,0.0,6000000,5,5810000,5810000,62849.025449882676,29050000
3,10000,100,10,3,3000000,3000000,0.0,9000000,1,8640000,8640000,0,8640000
3,10000,100,10,3,3000000,3000000,0.0,9000000,2,8555000,8555000.0,148492.42404917497,17110000
3,10000,100,10,3,3000000,3000000,0.0,9000000,3,8646666.666666666,8650000,65064.07098647712,25940000
3,10000,100,10,3,3000000,3000000,0.0,9000000,4,8680000,8680000.0,40824.8290463863,34720000
3,10000,100,10,3,3000000,3000000,0.0,9000000,5,8732000,8710000,54954.526656136346,43660000
3,10000,100,10,4,3000000,3000000.0,0.0,12000000,1,11620000,11620000,0,11620000
3,10000,100,10,4,3000000,3000000.0,0.0,12000000,2,11250000,11250000.0,381837.66184073564,22500000
3,10000,100,10,4,3002500,3000000.0,5000.0,12010000,3,11526666.666666666,11460000,133166.56236958786,34580000
3,10000,100,10,4,3000000,3000000.0,0.0,12000000,4,11482500,11595000.0,256173.76914898996,45930000
3,10000,100,10,4,3002500,3000000.0,5000.0,12010000,5,10992000,10960000,124378.45472588892,54960000
3,10000,100,10,5,3002000,3000000,4472.13595499958,15010000,1,14390000,14390000,0,14390000
3,10000,100,10,5,3000000,3000000,0.0,15000000,2,14140000,14140000.0,14142.13562373095,28280000
3,10000,100,10,5,3000000,3000000,0.0,15000000,3,14273333.333333334,14290000,86216.78104251708,42820000
3,10000,100,10,5,3000000,3000000,0.0,15000000,4,14100000,13955000.0,356183.47332051594,56400000
3,10000,100,10,5,3000000,3000000,0.0,15000000,5,14256000,14240000,80808.4154033477,71280000
3,10000,1000,10,1,30000000,30000000,0,30000000,1,29420000,29420000,0,29420000
3,10000,1000,10,1,29930000,29930000,0,29930000,2,28655000,28655000.0,629325.0352560272,57310000
3,10000,1000,10,1,29780000,29780000,0,29780000,3,29433333.333333332,29390000,111504.85789118487,88300000
3,10000,1000,10,1,29750000,29750000,0,29750000,4,29197500,29190000.0,249716.50592888996,116790000
3,10000,1000,10,1,29830000,29830000,0,29830000,5,28680000,28500000,407185.46143004665,143400000
3,10000,1000,10,2,29940000,29940000.0,84852.8137423857,59880000,1,59280000,59280000,0,59280000
3,10000,1000,10,2,29355000,29355000.0,586898.6283848344,58710000,2,56450000,56450000.0,763675.3236814713,112900000
3,10000,1000,10,2,29625000,29625000.0,35355.33905932738,59250000,3,57673333.333333336,58000000,672408.605933426,173020000
3,10000,1000,10,2,28835000,28835000.0,205060.96654409877,57670000,4,56070000,56075000.0,801540.1840623255,224280000
3,10000,1000,10,2,28070000,28070000.0,1456639.9692442878,56140000,5,54754000,55170000,982919.1217999577,273770000
3,10000,1000,10,3,29906666.666666668,29910000,25166.114784235833,89720000,1,87330000,87330000,0,87330000
3,10000,1000,10,3,29343333.333333332,29430000,232450.71162148187,88030000,2,85360000,85360000.0,1781909.0885900997,170720000
3,10000,1000,10,3,28746666.666666668,28780000,172433.56208503415,86240000,3,83850000,83830000,560267.7931132576,251550000
3,10000,1000,10,3,27666666.666666668,27400000,587310.2530463208,83000000,4,77777500,78060000.0,1569997.3460699436,311110000
3,10000,1000,10,3,27360000,27260000,864349.4663618414,82080000,5,78882000,78630000,465693.0319427165,394410000
3,10000,1000,10,4,29765000,29850000.0,231732.60452512934,119060000,1,115600000,115600000,0,115600000
3,10000,1000,10,4,29650000,29670000.0,155134.35037626795,118600000,2,115260000,115260000.0,692964.6455628165,230520000
3,10000,1000,10,4,28752500,28860000.0,309556.1338432821,115010000,3,110083333.33333333,110450000,1039679.4377755738,330250000
3,10000,1000,10,4,24965000,24930000.0,476759.8976424087,99860000,4,94945000,94895000.0,354823.89998420345,379780000
3,10000,1000,10,4,22575000,22465000.0,1040528.7117614775,90300000,5,82072000,82290000,591371.2877710584,410360000
3,10000,1000,10,5,29076000,29120000,418126.7750336015,145380000,1,140940000,140940000,0,140940000
3,10000,1000,10,5,28154000,28030000,475426.1246502973,140770000,2,132095000,132095000.0,544472.2215136416,264190000
3,10000,1000,10,5,26196000,26910000,1713543.1129679813,130980000,3,125693333.33333333,125260000,1623956.0749396314,377080000
3,10000,1000,10,5,21612000,21530000,895416.104389462,108060000,4,99615000,100445000.0,5295309.244982771,398460000
3,10000,1000,10,5,17688000,18380000,3439036.2021938646,88440000,5,79948000,82320000,5242086.4166856315,399740000
5,10,1,10,1,50,50,0,50,1,40,40,0,40
5,10,1,10,1,50,50,0,50,2,40,40.0,0.0,80
5,10,1,10,1,50,50,0,50,3,43.333333333333336,40,5.773502691896258,130
5,10,1,10,1,50,50,0,50,4,45,45.0,5.773502691896258,180
5,10,1,10,1,50,50,0,50,5,40,40,0.0,200
5,10,1,10,2,50,50.0,0.0,100,1,90,90,0,90
5,10,1,10,2,50,50.0,0.0,100,2,80,80.0,0.0,160
5,10,1,10,2,50,50.0,0.0,100,3,80,80,0.0,240
5,10,1,10,2,50,50.0,0.0,100,4,80,80.0,0.0,320
5,10,1,10,2,50,50.0,0.0,100,5,82,80,4.47213595499958,410
5,10,1,10,3,50,50,0.0,150,1,120,120,0,120
5,10,1,10,3,50,50,0.0,150,2,120,120.0,0.0,240
5,10,1,10,3,50,50,0.0,150,3,126.66666666666667,120,11.547005383792516,380
5,10,1,10,3,50,50,0.0,150,4,122.5,120.0,5.0,490
5,10,1,10,3,50,50,0.0,150,5,120,120,0.0,600
5,10,1,10,4,52.5,50.0,5.0,210,1,170,170,0,170
5,10,1,10,4,50,50.0,0.0,200,2,160,160.0,0.0,320
5,10,1,10,4,50,50.0,0.0,200,3,166.66666666666666,160,11.547005383792515,500
5,10,1,10,4,50,50.0,0.0,200,4,165,165.0,5.773502691896258,660
5,10,1,10,4,50,50.0,0.0,200,5,160,160,0.0,800
5,10,1,10,5,50,50,0.0,250,1,200,200,0,200
5,10,1,10,5,50,50,0.0,250,2,200,200.0,0.0,400
5,10,1,10,5,50,50,0.0,250,3,200,200,0.0,600
5,10,1,10,5,50,50,0.0,250,4,205,205.0,5.773502691896258,820
5,10,1,10,5,50,50,0.0,250,5,200,200,0.0,1000
5,10,10,10,1,500,500,0,500,1,490,490,0,490
5,10,10,10,1,500,500,0,500,2,485,485.0,7.0710678118654755,970
5,10,10,10,1,500,500,0,500,3,483.3333333333333,480,5.773502691896258,1450
5,10,10,10,1,500,500,0,500,4,490,490.0,0.0,1960
5,10,10,10,1,500,500,0,500,5,484,490,15.165750888103101,2420
5,10,10,10,2,500,500.0,0.0,1000,1,960,960,0,960
5,10,10,10,2,500,500.0,0.0,1000,2,955,955.0,49.49747468305833,1910
5,10,10,10,2,500,500.0,0.0,1000,3,966.6666666666666,970,5.773502691896257,2900
5,10,10,10,2,500,500.0,0.0,1000,4,980,980.0,11.547005383792516,3920
5,10,10,10,2,500,500.0,0.0,1000,5,964,960,11.40175425099138,4820
5,10,10,10,3,500,500,0.0,1500,1,1440,1440,0,1440
5,10,10,10,3,500,500,0.0,1500,2,1470,1470.0,0.0,2940
5,10,10,10,3,500,500,0.0,1500,3,1456.6666666666667,1450,11.547005383792515,4370
5,10,10,10,3,503.3333333333333,500,5.773502691896258,1510,4,1452.5,1445.0,18.929694486000912,5810
5,10,10,10,3,500,500,0.0,1500,5,1428,1430,8.366600265340756,7140
5,10,10,10,4,500,500.0,0.0,2000,1,1910,1910,0,1910
5,10,10,10,4,502.5,500.0,5.0,2010,2,1940,1940.0,14.142135623730951,3880
5,10,10,10,4,500,500.0,0.0,2000,3,1926.6666666666667,1920,11.547005383792515,5780
5,10,10,10,4,500,500.0,0.0,2000,4,1915,1915.0,5.773502691896258,7660
5,10,10,10,4,500,500.0,0.0,2000,5,1926,1920,8.94427190999916,9630
5,10,10,10,5,500,500,0.0,2500,1,2430,2430,0,2430
5,10,10,10,5,500,500,0.0,2500,2,2420,2420.0,0.0,4840
5,10,10,10,5,500,500,0.0,2500,3,2426.6666666666665,2410,28.867513459481287,7280
5,10,10,10,5,502,500,4.47213595499958,2510,4,2442.5,2440.0,5.0,9770
5,10,10,10,5,502,500,4.47213595499958,2510,5,2410,2410,7.0710678118654755,12050
5,10,100,10,1,5000,5000,0,5000,1,4980,4980,0,4980
5,10,100,10,1,5000,5000,0,5000,2,4835,4835.0,77.78174593052023,9670
5,10,100,10,1,5000,5000,0,5000,3,4943.333333333333,4950,40.414518843273804,14830
5,10,100,10,1,5000,5000,0,5000,4,4937.5,4935.0,33.04037933599835,19750
5,10,100,10,1,5000,5000,0,5000,5,4914,4910,20.73644135332772,24570
5,10,100,10,2,5000,5000.0,0.0,10000,1,9870,9870,0,9870
5,10,100,10,2,5005,5005.0,7.0710678118654755,10010,2,9765,9765.0,176.7766952966369,19530
5,10,100,10,2,5000,5000.0,0.0,10000,3,9886.666666666666,9940,92.37604307034012,29660
5,10,100,10,2,5005,5005.0,7.0710678118654755,10010,4,9835,9810.0,82.66397845091497,39340
5,10,100,10,2,5000,5000.0,0.0,10000,5,9738,9740,24.899799195977465,48690
5,10,100,10,3,5000,5000,0.0,15000,1,14720,14720,0,14720
5,10,100,10,3,5000,5000,0.0,15000,2,14460,14460.0,28.284271247461902,28920
5,10,100,10,3,5000,5000,0.0,15000,3,14580,14570,45.8257569495584,43740
5,10,100,10,3,5000,5000,0.0,15000,4,14522.5,14510.0,96.04686356149273,58090
5,10,100,10,3,5000,5000,0.0,15000,5,14746,14730,62.289646009589745,73730
5,10,100,10,4,5000,5000.0,0.0,20000,1,14530,14530,0,14530
5,10,100,10,4,5000,5000.0,0.0,20000,2,17250,17250.0,3478.9653634378137,34500
5,10,100,10,4,5002.5,5000.0,5.0,20010,3,19643.333333333332,19670,73.71114795831994,58930
5,10,100,10,4,5000,5000.0,0.0,20000,4,19480,19470.0,193.04576314093677,77920
5,10,100,10,4,5002.5,5000.0,5.0,20010,5,19066,18920,256.4761197460692,95330
5,10,100,10,5,5002,5000,4.47213595499958,25010,1,24450,24450,0,24450
5,10,100,10,5,5000,5000,0.0,25000,2,24400,24400.0,0.0,48800
5,10,100,10,5,5002,5000,4.47213595499958,25010,3,24523.333333333332,24570,80.82903768654761,73570
5,10,100,10,5,5004,5000,5.477225575051661,25020,4,24462.5,24455.0,57.95112883571237,97850
5,10,100,10,5,5002,5000,4.47213595499958,25010,5,24112,24140,137.36811857195977,120560
5,10,1000,10,1,49890,49890,0,49890,1,49720,49720,0,49720
5,10,1000,10,1,49590,49590,0,49590,2,48790,48790.0,410.1219330881976,97580
5,10,1000,10,1,49790,49790,0,49790,3,49363.333333333336,49340,49.32882862316247,148090
5,10,1000,10,1,49040,49040,0,49040,4,47435,47485.0,473.462423711393,189740
5,10,1000,10,1,49210,49210,0,49210,5,48496,48540,235.8601280420241,242480
5,10,1000,10,2,49695,49695.0,49.49747468305833,99390,1,97140,97140,0,97140
5,10,1000,10,2,49115,49115.0,544.4722215136416,98230,2,96145,96145.0,1435.4267658086915,192290
5,10,1000,10,2,48995,48995.0,516.1879502661797,97990,3,96670,96530,251.1971337416094,290010
5,10,1000,10,2,49200,49200.0,127.27922061357856,98400,4,96910,96750.0,624.0726453440069,387640
5,10,1000,10,2,47085,47085.0,403.0508652763321,94170,5,90786,91070,555.5897767237983,453930
5,10,1000,10,3,49756.666666666664,49710,80.82903768654761,149270,1,147990,147990,0,147990
5,10,1000,10,3,48723.333333333336,48960,499.0323970779185,146170,2,141570,141570.0,2800.142853498728,283140
5,10,1000,10,3,48153.333333333336,47780,717.0309151866,144460,3,142500,142690,733.6893075410054,427500
5,10,1000,10,3,47076.666666666664,46880,570.9932865921746,141230,4,138285,139370.0,3106.9116498542407,553140
5,10,1000,10,3,42986.666666666664,42970,755.1379564909536,128960,5,126478,126910,1247.9062464784765,632390
5,10,1000,10,4,48710,48695.0,303.2051011004487,194840,1,191440,191440,0,191440
5,10,1000,10,4,47962.5,47875.0,846.9307330984433,191850,2,186325,186325.0,841.4570696119915,372650
5,10,1000,10,4,45585,45680.0,254.75478405713994,182340,3,178123.33333333334,178960,1571.9520773017646,534370
5,10,1000,10,4,35380,35010.0,1276.557871778636,141520,4,134690,135435.0,1667.4731382144262,538760
5,10,1000,10,4,29620,29690.0,4814.083505715288,118480,5,108986,110040,2030.0935939015226,544930
5,10,1000,10,5,48120,48210,751.4319663149819,240600,1,232080,232080,0,232080
5,10,1000,10,5,44278,44120,1092.757978694276,221390,2,214445,214445.0,473.76154339498686,428890
5,10,1000,10,5,38000,39320,5154.129412422626,190000,3,183830,184310,1575.8172482873767,551490
5,10,1000,10,5,30200,32730,6325.9979449886005,151000,4,144640,144540.0,1564.288975860918,578560
5,10,1000,10,5,25002,25460,2329.564336952298,125010,5,115556,114910,3170.8248138299914,577780
5,100,1,10,1,500,500,0,500,1,400,400,0,400
5,100,1,10,1,500,500,0,500,2,400,400.0,0.0,800
5,100,1,10,1,500,500,0,500,3,400,400,0.0,1200
5,100,1,10,1,500,500,0,500,4,400,400.0,0.0,1600
5,100,1,10,1,500,500,0,500,5,400,400,0.0,2000
5,100,1,10,2,500,500.0,0.0,1000,1,800,800,0,800
5,100,1,10,2,500,500.0,0.0,1000,2,850,850.0,70.71067811865476,1700
5,100,1,10,2,500,500.0,0.0,1000,3,800,800,0.0,2400
5,100,1,10,2,500,500.0,0.0,1000,4,800,800.0,0.0,3200
5,100,1,10,2,500,500.0,0.0,1000,5,800,800,0.0,4000
5,100,1,10,3,500,500,0.0,1500,1,1200,1200,0,1200
5,100,1,10,3,500,500,0.0,1500,2,1200,1200.0,0.0,2400
5,100,1,10,3,500,500,0.0,1500,3,1200,1200,0.0,3600
5,100,1,10,3,500,500,0.0,1500,4,1200,1200.0,0.0,4800
5,100,1,10,3,500,500,0.0,1500,5,1220,1200,44.721359549995796,6100
5,100,1,10,4,500,500.0,0.0,2000,1,1800,1800,0,1800
5,100,1,10,4,500,500.0,0.0,2000,2,1600,1600.0,0.0,3200
5,100,1,10,4,500,500.0,0.0,2000,3,1600,1600,0.0,4800
5,100,1,10,4,500,500.0,0.0,2000,4,1600,1600.0,0.0,6400
5,100,1,10,4,500,500.0,0.0,2000,5,1600,1600,0.0,8000
5,100,1,10,5,500,500,0.0,2500,1,2000,2000,0,2000
5,100,1,10,5,500,500,0.0,2500,2,2000,2000.0,0.0,4000
5,100,1,10,5,500,500,0.0,2500,3,2000,2000,0.0,6000
5,100,1,10,5,500,500,0.0,2500,4,2100,2100.0,81.64965809277261,8400
5,100,1,10,5,500,500,0.0,2500,5,2060,2000,134.16407864998737,10300
5,100,10,10,1,5000,5000,0,5000,1,4900,4900,0,4900
5,100,10,10,1,5000,5000,0,5000,2,4900,4900.0,141.4213562373095,9800
5,100,10,10,1,5000,5000,0,5000,3,4900,4900,0.0,14700
5,100,10,10,1,5000,5000,0,5000,4,4825,4800.0,50.0,19300
5,100,10,10,1,5000,5000,0,5000,5,4800,4800,0.0,24000
5,100,10,10,2,5000,5000.0,0.0,10000,1,9900,9900,0,9900
5,100,10,10,2,5000,5000.0,0.0,10000,2,9900,9900.0,141.4213562373095,19800
5,100,10,10,2,5000,5000.0,0.0,10000,3,9766.666666666666,9800,57.735026918962575,29300
5,100,10,10,2,5000,5000.0,0.0,10000,4,9600,9600.0,0.0,38400
5,100,10,10,2,5000,5000.0,0.0,10000,5,9680,9600,109.54451150103323,48400
5,100,10,10,3,5000,5000,0.0,15000,1,14200,14200,0,14200
5,100,10,10,3,5000,5000,0.0,15000,2,14750,14750.0,70.71067811865476,29500
5,100,10,10,3,5000,5000,0.0,15000,3,14700,14700,0.0,44100
5,100,10,10,3,5000,5000,0.0,15000,4,14500,14500.0,0.0,58000
5,100,10,10,3,5000,5000,0.0,15000,5,14560,14500,134.16407864998737,72800
5,100,10,10,4,5000,5000.0,0.0,20000,1,19500,19500,0,19500
5,100,10,10,4,5000,5000.0,0.0,20000,2,19300,19300.0,141.4213562373095,38600
5,100,10,10,4,5000,5000.0,0.0,20000,3,19433.333333333332,19400,152.75252316519467,58300
5,100,10,10,4,5000,5000.0,0.0,20000,4,19450,19350.0,238.04761428476166,77800
5,100,10,10,4,5000,5000.0,0.0,20000,5,19240,19300,194.93588689617928,96200
5,100,10,10,5,5000,5000,0.0,25000,1,24100,24100,0,24100
5,100,10,10,5,5000,5000,0.0,25000,2,24050,24050.0,212.13203435596427,48100
5,100,10,10,5,5000,5000,0.0,25000,3,24333.333333333332,24400,208.16659994661327,73000
5,100,10,10,5,5020,5000,44.721359549995796,25100,4,24225,24200.0,206.15528128088303,96900
5,100,10,10,5,5000,5000,0.0,25000,5,24020,24000,277.48873851023217,120100
5,100,100,10,1,50000,50000,0,50000,1,49300,49300,0,49300
5,100,100,10,1,50000,50000,0,50000,2,49350,49350.0,212.13203435596427,98700
5,100,100,10,1,50000,50000,0,50000,3,48433.333333333336,49000,1250.3332889007368,145300
5,100,100,10,1,50100,50100,0,50100,4,49325,49300.0,377.4917217635375,197300
5,100,100,10,1,50000,50000,0,50000,5,49500,49400,173.20508075688772,247500
5,100,100,10,2,50000,50000.0,0.0,100000,1,97600,97600,0,97600
5,100,100,10,2,50000,50000.0,0.0,100000,2,99200,99200.0,141.4213562373095,198400
5,100,100,10,2,50000,50000.0,0.0,100000,3,98666.66666666667,98700,152.75252316519467,296000
5,100,100,10,2,50050,50050.0,70.71067811865476,100100,4,96325,96850.0,2266.2377045079215,385300
5,100,100,10,2,50000,50000.0,0.0,100000,5,98540,98300,541.2947441089743,492700
5,100,100,10,3,50000,50000,0.0,150000,1,149000,149000,0,149000
5,100,100,10,3,50000,50000,0.0,150000,2,147500,147500.0,707.1067811865476,295000
5,100,100,10,3,50000,50000,0.0,150000,3,145133.33333333334,145100,57.735026918962575,435400
5,100,100,10,3,50000,50000,0.0,150000,4,145900,145500.0,941.629792788369,583600
5,100,100,10,3,50000,50000,0.0,150000,5,146800,146800,538.5164807134504,734000
5,100,100,10,4,50000,50000.0,0.0,200000,1,197200,197200,0,197200
5,100,100,10,4,50000,50000.0,0.0,200000,2,194400,194400.0,565.685424949238,388800
5,100,100,10,4,50025,50000.0,50.0,200100,3,196100,196100,1400.0,588300
5,100,100,10,4,50000,50000.0,0.0,200000,4,194950,194550.0,1347.837774610382,779800
5,100,100,10,4,50025,50000.0,50.0,200100,5,194900,195000,1164.0446726822815,974500
5,100,100,10,5,50000,50000,0.0,250000,1,244700,244700,0,244700
5,100,100,10,5,50000,50000,0.0,250000,2,243550,243550.0,353.5533905932738,487100
5,100,100,10,5,50000,50000,0.0,250000,3,244866.66666666666,244900,850.4900548115382,734600
5,100,100,10,5,50000,50000,0.0,250000,4,241375,241000.0,1497.4979131871937,965500
5,100,100,10,5,50000,50000,0.0,250000,5,241040,241200,2034.2074623793906,1205200
5,100,1000,10,1,499600,499600,0,499600,1,495200,495200,0,495200
5,100,1000,10,1,493600,493600,0,493600,2,489150,489150.0,1909.1883092036783,978300
5,100,1000,10,1,496500,496500,0,496500,3,489933.3333333333,489500,1021.4368964029709,1469800
5,100,1000,10,1,497700,497700,0,497700,4,477850,479000.0,5001.666388981443,1911400
5,100,1000,10,1,480400,480400,0,480400,5,472720,470900,3349.9253723030906,2363600
5,100,1000,10,2,490000,490000.0,1979.8989873223331,980000,1,969000,969000,0,969000
5,100,1000,10,2,446650,446650.0,8273.149339882606,893300,2,880900,880900.0,848.5281374238571,1761800
5,100,1000,10,2,473700,473700.0,7919.595949289333,947400,3,930433.3333333334,930900,1747.378989610821,2791300
5,100,1000,10,2,480050,480050.0,3889.0872965260114,960100,4,946875,944800.0,5612.7087934436795,3787500
5,100,1000,10,2,468550,468550.0,1343.5028842544402,937100,5,912200,911900,4933.051793768235,4561000
5,100,1000,10,3,495133.3333333333,495500,2074.4477176668815,1485400,1,1464300,1464300,0,1464300
5,100,1000,10,3,483133.3333333333,484600,3165.964834506747,1449400,2,1410300,1410300.0,8061.017305526641,2820600
5,100,1000,10,3,467566.6666666667,465700,4500.370355130046,1402700,3,1373866.6666666667,1371700,12195.217641900997,4121600
5,100,1000,10,3,461766.6666666667,459600,6717.390366305455,1385300,4,1353825,1355300.0,8246.76704331259,5415300
5,100,1000,10,3,431800,441000,18865.047044733285,1295400,5,1244440,1243100,10540.303600940535,6222200
5,100,1000,10,4,487700,487450.0,5468.089245796927,1950800,1,1907800,1907800,0,1907800
5,100,1000,10,4,451975,452400.0,6448.449426024833,1807900,2,1779300,1779300.0,3959.7979746446663,3558600
5,100,1000,10,4,449700,444050.0,14435.37321997599,1798800,3,1747366.6666666667,1748100,6431.433225443092,5242100
5,100,1000,10,4,377675,380200.0,17593.25154711317,1510700,4,1432100,1430700.0,29402.60759411201,5728400
5,100,1000,10,4,316650,316150.0,19453.962749698752,1266600,5,1225400,1224900,10744.76616776745,6127000
5,100,1000,10,5,474220,473200,5221.781305263559,2371100,1,2305300,2305300,0,2305300
5,100,1000,10,5,462040,461700,4847.9892739155275,2310200,2,2263150,2263150.0,18172.644276494273,4526300
5,100,1000,10,5,382940,369500,41311.53591915943,1914700,3,1849766.6666666667,1848600,15682.58056996148,5549300
5,100,1000,10,5,310920,310900,8581.200382230914,1554600,4,1448500,1449600.0,11011.20641286261,5794000
5,100,1000,10,5,238960,256600,28193.84684643087,1194800,5,1104780,1102800,32152.86923433117,5523900
5,1000,1,10,1,5000,5000,0,5000,1,4000,4000,0,4000
5,1000,1,10,1,5000,5000,0,5000,2,4000,4000.0,0.0,8000
5,1000,1,10,1,5000,5000,0,5000,3,4000,4000,0.0,12000
5,1000,1,10,1,5000,5000,0,5000,4,4250,4000.0,500.0,17000
5,1000,1,10,1,5000,5000,0,5000,5,4000,4000,0.0,20000
5,1000,1,10,2,5000,5000.0,0.0,10000,1,8000,8000,0,8000
5,1000,1,10,2,5000,5000.0,0.0,10000,2,8000,8000.0,0.0,16000
5,1000,1,10,2,5000,5000.0,0.0,10000,3,9333.333333333334,10000,1154.7005383792514,28000
5,1000,1,10,2,5000,5000.0,0.0,10000,4,8250,8000.0,500.0,33000
5,1000,1,10,2,5000,5000.0,0.0,10000,5,8000,8000,0.0,40000
5,1000,1,10,3,5000,5000,0.0,15000,1,12000,12000,0,12000
5,1000,1,10,3,5000,5000,0.0,15000,2,12000,12000.0,0.0,24000
5,1000,1,10,3,5333.333333333333,5000,577.3502691896257,16000,3,13666.666666666666,13000,1154.7005383792514,41000
5,1000,1,10,3,5000,5000,0.0,15000,4,12000,12000.0,0.0,48000
5,1000,1,10,3,5000,5000,0.0,15000,5,12200,12000,447.21359549995793,61000
5,1000,1,10,4,5000,5000.0,0.0,20000,1,16000,16000,0,16000
5,1000,1,10,4,5000,5000.0,0.0,20000,2,16500,16500.0,707.1067811865476,33000
5,1000,1,10,4,5000,5000.0,0.0,20000,3,16000,16000,0.0,48000
5,1000,1,10,4,5000,5000.0,0.0,20000,4,16500,16000.0,1000.0,66000
5,1000,1,10,4,5000,5000.0,0.0,20000,5,16600,16000,1341.640786499874,83000
5,1000,1,10,5,5000,5000,0.0,25000,1,20000,20000,0,20000
5,1000,1,10,5,5000,5000,0.0,25000,2,20000,20000.0,0.0,40000
5,1000,1,10,5,5000,5000,0.0,25000,3,18000,16000,3464.1016151377544,54000
5,1000,1,10,5,5000,5000,0.0,25000,4,21000,20500.0,1414.213562373095,84000
5,1000,1,10,5,5000,5000,0.0,25000,5,20000,20000,0.0,100000
5,1000,10,10,1,50000,50000,0,50000,1,49000,49000,0,49000
5,1000,10,10,1,50000,50000,0,50000,2,48500,48500.0,707.1067811865476,97000
5,1000,10,10,1,50000,50000,0,50000,3,49000,49000,0.0,147000
5,1000,10,10,1,50000,50000,0,50000,4,48250,48000.0,500.0,193000
5,1000,10,10,1,50000,50000,0,50000,5,48800,49000,447.21359549995793,244000
5,1000,10,10,2,50000,50000.0,0.0,100000,1,98000,98000,0,98000
5,1000,10,10,2,50000,50000.0,0.0,100000,2,98000,98000.0,0.0,196000
5,1000,10,10,2,50000,50000.0,0.0,100000,3,97000,98000,1732.0508075688772,291000
5,1000,10,10,2,50500,50500.0,707.1067811865476,101000,4,97250,97000.0,500.0,389000
5,1000,10,10,2,50000,50000.0,0.0,100000,5,97600,98000,1140.175425099138,488000
5,1000,10,10,3,50000,50000,0.0,150000,1,147000,147000,0,147000
5,1000,10,10,3,50000,50000,0.0,150000,2,145500,145500.0,707.1067811865476,291000
5,1000,10,10,3,50000,50000,0.0,150000,3,144333.33333333334,144000,577.3502691896257,433000
5,1000,10,10,3,50000,50000,0.0,150000,4,144000,144000.0,1154.7005383792514,576000
5,1000,10,10,3,50000,50000,0.0,150000,5,144400,146000,4159.326868617084,722000
5,1000,10,10,4,50000,50000.0,0.0,200000,1,196000,196000,0,196000
5,1000,10,10,4,50000,50000.0,0.0,200000,2,193000,193000.0,0.0,386000
5,1000,10,10,4,50000,50000.0,0.0,200000,3,193000,192000,1732.0508075688772,579000
5,1000,10,10,4,50000,50000.0,0.0,200000,4,193000,193000.0,816.496580927726,772000
5,1000,10,10,4,50000,50000.0,0.0,200000,5,193000,193000,1000.0,965000
5,1000,10,10,5,50200,50000,447.21359549995793,251000,1,243000,243000,0,243000
5,1000,10,10,5,50200,50000,447.21359549995793,251000,2,241000,241000.0,0.0,482000
5,1000,10,10,5,50000,50000,0.0,250000,3,238666.66666666666,239000,577.3502691896257,716000
5,1000,10,10,5,50000,50000,0.0,250000,4,239750,239000.0,1500.0,959000
5,1000,10,10,5,50000,50000,0.0,250000,5,238800,238000,1643.1676725154985,1194000
5,1000,100,10,1,500000,500000,0,500000,1,494000,494000,0,494000
5,1000,100,10,1,500000,500000,0,500000,2,487000,487000.0,4242.640687119285,974000
5,1000,100,10,1,501000,501000,0,501000,3,496000,496000,1000.0,1488000
5,1000,100,10,1,500000,500000,0,500000,4,487750,487000.0,4112.987559751022,1951000
5,1000,100,10,1,500000,500000,0,500000,5,467400,467000,3361.5472627943223,2337000
5,1000,100,10,2,500500,500500.0,707.1067811865476,1001000,1,981000,981000,0,981000
5,1000,100,10,2,500000,500000.0,0.0,1000000,2,980000,980000.0,1414.213562373095,1960000
5,1000,100,10,2,500000,500000.0,0.0,1000000,3,977333.3333333334,977000,2516.6114784235833,2932000
5,1000,100,10,2,500000,500000.0,0.0,1000000,4,970250,974000.0,12711.543310445562,3881000
5,1000,100,10,2,500000,500000.0,0.0,1000000,5,968000,967000,9949.8743710662,4840000
5,1000,100,10,3,500000,500000,0.0,1500000,1,1427000,1427000,0,1427000
5,1000,100,10,3,500000,500000,0.0,1500000,2,1459000,1459000.0,14142.13562373095,2918000
5,1000,100,10,3,500000,500000,0.0,1500000,3,1466666.6666666667,1466000,1154.7005383792514,4400000
5,1000,100,10,3,500000,500000,0.0,1500000,4,1465250,1464500.0,5057.99696849784,5861000
5,1000,100,10,3,500000,500000,0.0,1500000,5,1444400,1461000,27655.01762790977,7222000
5,1000,100,10,4,500000,500000.0,0.0,2000000,1,1954000,1954000,0,1954000
5,1000,100,10,4,500250,500000.0,500.0,2001000,2,1949000,1949000.0,16970.56274847714,3898000
5,1000,100,10,4,500250,500000.0,500.0,2001000,3,1931000,1925000,14000.0,5793000
5,1000,100,10,4,500000,500000.0,0.0,2000000,4,1887500,1893000.0,25423.086620891125,7550000
5,1000,100,10,4,497500,498000.0,1000.0,1990000,5,1876800,1878000,18047.160441465578,9384000
5,1000,100,10,5,500200,500000,447.21359549995793,2501000,1,2444000,2444000,0,2444000
5,1000,100,10,5,500600,500000,894.4271909999159,2503000,2,2417000,2417000.0,8485.28137423857,4834000
5,1000,100,10,5,500000,500000,0.0,2500000,3,2401666.6666666665,2400000,7637.626158259733,7205000
5,1000,100,10,5,481200,483000,5630.2753041036985,2406000,4,2324000,2322500.0,14854.853303438127,9296000
5,1000,100,10,5,473400,473000,3646.916505762094,2367000,5,2243600,2248000,33709.04923013997,11218000
5,1000,1000,10,1,4985000,4985000,0,4985000,1,4837000,4837000,0,4837000
5,1000,1000,10,1,4881000,4881000,0,4881000,2,4777500,4777500.0,3535.5339059327375,9555000
5,1000,1000,10,1,4909000,4909000,0,4909000,3,4786000,4813000,79037.96556086195,14358000
5,1000,1000,10,1,4915000,4915000,0,4915000,4,4806750,4805500.0,25513.06854666186,19227000
5,1000,1000,10,1,4841000,4841000,0,4841000,5,4762000,4753000,25709.920264364882,23810000
5,1000,1000,10,2,4930500,4930500.0,17677.66952966369,9861000,1,9625000,9625000,0,9625000
5,1000,1000,10,2,4816500,4816500.0,72831.9984622144,9633000,2,9356000,9356000.0,156977.70542341354,18712000
5,1000,1000,10,2,4858000,4858000.0,45254.83399593904,9716000,3,9502666.666666666,9518000,26558.112382722786,28508000
5,1000,1000,10,2,4739000,4739000.0,15556.349186104046,9478000,4,9072750,9143500.0,317541.9919737651,36291000
5,1000,1000,10,2,4634000,4634000.0,31112.69837220809,9268000,5,8953000,9026000,200886.78403518733,44765000
5,1000,1000,10,3,4886666.666666667,4872000,35360.0527903075,14660000,1,14124000,14124000,0,14124000
5,1000,1000,10,3,4707666.666666667,4713000,35303.44647953417,14123000,2,13741000,13741000.0,181019.33598375617,27482000
5,1000,1000,10,3,4786000,4763000,42461.74749112429,14358000,3,13949666.666666666,13997000,115517.67541520792,41849000
5,1000,1000,10,3,4617000,4595000,98853.42685005917,13851000,4,13495500,13532000.0,160192.59242133098,53982000
5,1000,1000,10,3,4450333.333333333,4501000,113799.53134056983,13351000,5,13116200,13148000,98631.63792617458,65581000
5,1000,1000,10,4,4905750,4912500.0,16879.474715365603,19623000,1,18824000,18824000,0,18824000
5,1000,1000,10,4,4771750,4738000.0,85753.03687528118,19087000,2,18612500,18612500.0,167584.30714121176,37225000
5,1000,1000,10,4,4678500,4685500.0,108586.37115218466,18714000,3,18036666.666666668,18187000,333925.64042513014,54110000
5,1000,1000,10,4,4424000,4431500.0,38514.06669430448,17696000,4,17127750,17160000.0,71490.67538264461,68511000
5,1000,1000,10,4,3918500,3895500.0,102815.3685010174,15674000,5,14698000,14807000,229330.54746369921,73490000
5,1000,1000,10,5,4797600,4834000,100196.30731718609,23988000,1,23405000,23405000,0,23405000
5,1000,1000,10,5,4454200,4455000,108400.64575453414,22271000,2,21314000,21314000.0,125865.00705120547,42628000
5,1000,1000,10,5,4405800,4413000,120161.14180549384,22029000,3,21438666.666666668,21386000,202211.11080584404,64316000
5,1000,1000,10,5,4050800,3988000,169592.74748644177,20254000,4,18992000,18917500.0,472548.4102184664,75968000
5,1000,1000,10,5,3188200,3245000,219552.27168034494,15941000,5,14872200,14779000,157247.25752775467,74361000
5,10000,1,10,1,50000,50000,0,50000,1,40000,40000,0,40000
5,10000,1,10,1,50000,50000,0,50000,2,45000,45000.0,7071.067811865475,90000
5,10000,1,10,1,50000,50000,0,50000,3,40000,40000,0.0,120000
5,10000,1,10,1,50000,50000,0,50000,4,42500,40000.0,5000.0,170000
5,10000,1,10,1,50000,50000,0,50000,5,40000,40000,0.0,200000
5,10000,1,10,2,50000,50000.0,0.0,100000,1,90000,90000,0,90000
5,10000,1,10,2,50000,50000.0,0.0,100000,2,80000,80000.0,0.0,160000
5,10000,1,10,2,50000,50000.0,0.0,100000,3,80000,80000,0.0,240000
5,10000,1,10,2,50000,50000.0,0.0,100000,4,80000,80000.0,0.0,320000
5,10000,1,10,2,50000,50000.0,0.0,100000,5,84000,80000,8944.27190999916,420000
5,10000,1,10,3,50000,50000,0.0,150000,1,120000,120000,0,120000
5,10000,1,10,3,50000,50000,0.0,150000,2,130000,130000.0,14142.13562373095,260000
5,10000,1,10,3,50000,50000,0.0,150000,3,120000,120000,0.0,360000
5,10000,1,10,3,50000,50000,0.0,150000,4,130000,130000.0,11547.005383792515,520000
5,10000,1,10,3,53333.333333333336,50000,5773.502691896258,160000,5,126000,130000,5477.2255750516615,630000
5,10000,1,10,4,50000,50000.0,0.0,200000,1,160000,160000,0,160000
5,10000,1,10,4,50000,50000.0,0.0,200000,2,165000,165000.0,7071.067811865475,330000
5,10000,1,10,4,50000,50000.0,0.0,200000,3,160000,160000,0.0,480000
5,10000,1,10,4,50000,50000.0,0.0,200000,4,160000,160000.0,0.0,640000
5,10000,1,10,4,50000,50000.0,0.0,200000,5,160000,160000,0.0,800000
5,10000,1,10,5,52000,50000,4472.13595499958,260000,1,210000,210000,0,210000
5,10000,1,10,5,50000,50000,0.0,250000,2,200000,200000.0,0.0,400000
5,10000,1,10,5,50000,50000,0.0,250000,3,200000,200000,0.0,600000
5,10000,1,10,5,50000,50000,0.0,250000,4,202500,200000.0,5000.0,810000
5,10000,1,10,5,50000,50000,0.0,250000,5,200000,200000,0.0,1000000
5,10000,10,10,1,500000,500000,0,500000,1,490000,490000,0,490000
5,10000,10,10,1,500000,500000,0,500000,2,495000,495000.0,7071.067811865475,990000
5,10000,10,10,1,500000,500000,0,500000,3,490000,490000,0.0,1470000
5,10000,10,10,1,500000,500000,0,500000,4,490000,490000.0,0.0,1960000
5,10000,10,10,1,500000,500000,0,500000,5,486000,480000,8944.27190999916,2430000
5,10000,10,10,2,500000,500000.0,0.0,1000000,1,1000000,1000000,0,1000000
5,10000,10,10,2,500000,500000.0,0.0,1000000,2,980000,980000.0,0.0,1960000
5,10000,10,10,2,500000,500000.0,0.0,1000000,3,966666.6666666666,970000,5773.502691896258,2900000
5,10000,10,10,2,500000,500000.0,0.0,1000000,4,972500,975000.0,9574.27107756338,3890000
5,10000,10,10,2,500000,500000.0,0.0,1000000,5,964000,970000,13416.407864998739,4820000
5,10000,10,10,3,503333.3333333333,500000,5773.502691896258,1510000,1,1490000,1490000,0,1490000
5,10000,10,10,3,500000,500000,0.0,1500000,2,1455000,1455000.0,7071.067811865475,2910000
5,10000,10,10,3,500000,500000,0.0,1500000,3,1453333.3333333333,1450000,15275.252316519465,4360000
5,10000,10,10,3,500000,500000,0.0,1500000,4,1440000,1440000.0,0.0,5760000
5,10000,10,10,3,500000,500000,0.0,1500000,5,1454000,1450000,11401.75425099138,7270000
5,10000,10,10,4,500000,500000.0,0.0,2000000,1,1980000,1980000,0,1980000
5,10000,10,10,4,500000,500000.0,0.0,2000000,2,1935000,1935000.0,7071.067811865475,3870000
5,10000,10,10,4,500000,500000.0,0.0,2000000,3,1943333.3333333333,1940000,15275.252316519465,5830000
5,10000,10,10,4,500000,500000.0,0.0,2000000,4,1902500,1900000.0,26299.55639676583,7610000
5,10000,10,10,4,500000,500000.0,0.0,2000000,5,1932000,1920000,23874.672772626644,9660000
5,10000,10,10,5,500000,500000,0.0,2500000,1,2450000,2450000,0,2450000
5,10000,10,10,5,500000,500000,0.0,2500000,2,2400000,2400000.0,0.0,4800000
5,10000,10,10,5,500000,500000,0.0,2500000,3,2406666.6666666665,2400000,20816.659994661328,7220000
5,10000,10,10,5,502000,500000,4472.13595499958,2510000,4,2275000,2275000.0,12909.944487358056,9100000
5,10000,10,10,5,500000,500000,0.0,2500000,5,2404000,2400000,5477.2255750516615,12020000
5,10000,100,10,1,5000000,5000000,0,5000000,1,4930000,4930000,0,4930000
5,10000,100,10,1,5000000,5000000,0,5000000,2,4885000,4885000.0,63639.61030678928,9770000
5,10000,100,10,1,5000000,5000000,0,5000000,3,4873333.333333333,4930000,106926.76621563626,14620000
5,10000,100,10,1,5000000,5000000,0,5000000,4,4947500,4945000.0,17078.25127659933,19790000
5,10000,100,10,1,5010000,5010000,0,5010000,5,4890000,4850000,60415.22986797286,24450000
5,10000,100,10,2,5000000,5000000.0,0.0,10000000,1,9800000,9800000,0,9800000
5,10000,100,10,2,5000000,5000000.0,0.0,10000000,2,9750000,9750000.0,169705.6274847714,19500000
5,10000,100,10,2,5000000,5000000.0,0.0,10000000,3,9806666.666666666,9850000,149777.61292440648,29420000
5,10000,100,10,2,5005000,5005000.0,7071.067811865475,10010000,4,9882500,9880000.0,33040.37933599835,39530000
5,10000,100,10,2,5000000,5000000.0,0.0,10000000,5,9680000,9740000,121860.5760695394,48400000
5,10000,100,10,3,5000000,5000000,0.0,15000000,1,14650000,14650000,0,14650000
5,10000,100,10,3,5003333.333333333,5000000,5773.502691896258,15010000,2,14445000,14445000.0,106066.01717798212,28890000
5,10000,100,10,3,5003333.333333333,5000000,5773.502691896258,15010000,3,14790000,14790000,40000.0,44370000
5,10000,100,10,3,5003333.333333333,5000000,5773.502691896258,15010000,4,14580000,14580000.0,57154.76066494082,58320000
5,10000,100,10,3,5000000,5000000,0.0,15000000,5,14554000,14540000,29664.793948382652,72770000
5,10000,100,10,4,5000000,5000000.0,0.0,20000000,1,19440000,19440000,0,19440000
5,10000,100,10,4,5000000,5000000.0,0.0,20000000,2,19505000,19505000.0,49497.474683058324,39010000
5,10000,100,10,4,5000000,5000000.0,0.0,20000000,3,19480000,19500000,43588.98943540674,58440000
5,10000,100,10,4,5000000,5000000.0,0.0,20000000,4,19505000,19475000.0,92556.28917943213,78020000
5,10000,100,10,4,5000000,5000000.0,0.0,20000000,5,19348000,19360000,40865.6334834051,96740000
5,10000,100,10,5,5002000,5000000,4472.13595499958,25010000,1,24520000,24520000,0,24520000
5,10000,100,10,5,5002000,5000000,4472.13595499958,25010000,2,24350000,24350000.0,127279.22061357855,48700000
5,10000,100,10,5,5002000,5000000,4472.13595499958,25010000,3,24273333.333333332,24310000,81445.27815247078,72820000
5,10000,100,10,5,4994000,5000000,13416.407864998739,24970000,4,23847500,23845000.0,98107.08435174292,95390000
5,10000,100,10,5,4994000,5000000,13416.407864998739,24970000,5,23638000,23660000,303347.9849941318,118190000
5,10000,1000,10,1,49740000,49740000,0,49740000,1,49090000,49090000,0,49090000
5,10000,1000,10,1,49390000,49390000,0,49390000,2,48775000,48775000.0,289913.78028648446,97550000
5,10000,1000,10,1,49140000,49140000,0,49140000,3,48636666.666666664,48570000,124230.96769056149,145910000
5,10000,1000,10,1,48370000,48370000,0,48370000,4,47055000,47025000.0,397701.73078158294,188220000
5,10000,1000,10,1,47510000,47510000,0,47510000,5,46792000,46620000,316180.3282938393,233960000
5,10000,1000,10,2,48935000,48935000.0,63639.61030678928,97870000,1,93020000,93020000,0,93020000
5,10000,1000,10,2,48140000,48140000.0,127279.22061357855,96280000,2,94500000,94500000.0,212132.03435596425,189000000
5,10000,1000,10,2,46615000,46615000.0,417193.000900063,93230000,3,91793333.33333333,91730000,280416.3571073081,275380000
5,10000,1000,10,2,46965000,46965000.0,35355.33905932738,93930000,4,89737500,89880000.0,541194.6661476503,358950000
5,10000,1000,10,2,47330000,47330000.0,367695.5262170047,94660000,5,92476000,92560000,337535.18335130636,462380000
5,10000,1000,10,3,48513333.333333336,48630000,330807.09383768257,145540000,1,143220000,143220000,0,143220000
5,10000,1000,10,3,47806666.666666664,47820000,1000066.6644445925,143420000,2,137910000,137910000.0,70710.67811865476,275820000
5,10000,1000,10,3,46293333.333333336,46700000,713045.1131123004,138880000,3,135966666.66666666,135920000,511598.80114532454,407900000
5,10000,1000,10,3,45230000,45040000,437149.8598878879,135690000,4,132562500,133135000.0,1934689.897632176,530250000
5,10000,1000,10,3,44513333.333333336,44500000,840079.3613304242,133540000,5,129180000,128490000,1844749.3054613138,645900000
5,10000,1000,10,4,48190000,47870000.0,1226730.0708251456,192760000,1,188300000,188300000,0,188300000
5,10000,1000,10,4,47777500,48440000.0,1516737.1778481158,191110000,2,185465000,185465000.0,643467.1708797582,370930000
5,10000,1000,10,4,45997500,46240000.0,820015.2437607486,183990000,3,178690000,178070000,2138504.150101187,536070000
5,10000,1000,10,4,42880000,43725000.0,2198014.255337455,171520000,4,166525000,167290000.0,2114670.975195274,666100000
5,10000,1000,10,4,35212500,35280000.0,1521301.5261062921,140850000,5,132808000,132390000,1329029.7212628466,664040000
5,10000,1000,10,5,47182000,47400000,1145325.2813065816,235910000,1,229740000,229740000,0,229740000
5,10000,1000,10,5,48416000,49510000,1713513.9334128567,242080000,2,71265000,71265000.0,100783929.52251862,142530000
5,10000,1000,10,5,43320000,42910000,990378.7154417243,216600000,3,209070000,208760000,1864430.207865127,627210000
5,10000,1000,10,5,34970000,35250000,2334812.626315011,174850000,4,164935000,165310000.0,1840968.9477736084,659740000
5,10000,1000,10,5,24796000,24370000,3298261.6633614744,123980000,5,112352000,110860000,2731578.2983469465,561760000
7,10,1,10,1,70,70,0,70,1,60,60,0,60
7,10,1,10,1,70,70,0,70,2,70,70.0,0.0,140
7,10,1,10,1,70,70,0,70,3,60,60,0.0,180
7,10,1,10,1,70,70,0,70,4,60,60.0,0.0,240
7,10,1,10,1,70,70,0,70,5,60,60,0.0,300
7,10,1,10,2,70,70.0,0.0,140,1,130,130,0,130
7,10,1,10,2,70,70.0,0.0,140,2,120,120.0,0.0,240
7,10,1,10,2,70,70.0,0.0,140,3,120,120,0.0,360
7,10,1,10,2,70,70.0,0.0,140,4,120,120.0,0.0,480
7,10,1,10,2,70,70.0,0.0,140,5,122,120,4.47213595499958,610
7,10,1,10,3,70,70,0.0,210,1,190,190,0,190
7,10,1,10,3,70,70,0.0,210,2,180,180.0,0.0,360
7,10,1,10,3,70,70,0.0,210,3,180,180,0.0,540
7,10,1,10,3,70,70,0.0,210,4,180,180.0,0.0,720
7,10,1,10,3,70,70,0.0,210,5,186,180,13.416407864998739,930
7,10,1,10,4,70,70.0,0.0,280,1,240,240,0,240
7,10,1,10,4,70,70.0,0.0,280,2,240,240.0,0.0,480
7,10,1,10,4,75,75.0,5.773502691896258,300,3,253.33333333333334,250,5.773502691896257,760
7,10,1,10,4,70,70.0,0.0,280,4,250,250.0,11.547005383792516,1000
7,10,1,10,4,72.5,70.0,5.0,290,5,244,240,5.477225575051661,1220
7,10,1,10,5,70,70,0.0,350,1,300,300,0,300
7,10,1,10,5,70,70,0.0,350,2,310,310.0,14.142135623730951,620
7,10,1,10,5,70,70,0.0,350,3,300,300,0.0,900
7,10,1,10,5,70,70,0.0,350,4,300,300.0,0.0,1200
7,10,1,10,5,70,70,0.0,350,5,300,300,0.0,1500
7,10,10,10,1,700,700,0,700,1,690,690,0,690
7,10,10,10,1,700,700,0,700,2,675,675.0,7.0710678118654755,1350
7,10,10,10,1,700,700,0,700,3,680,680,10.0,2040
7,10,10,10,1,700,700,0,700,4,682.5,680.0,5.0,2730
7,10,10,10,1,700,700,0,700,5,682,680,4.47213595499958,3410
7,10,10,10,2,700,700.0,0.0,1400,1,1360,1360,0,1360
7,10,10,10,2,700,700.0,0.0,1400,2,1370,1370.0,0.0,2740
7,10,10,10,2,700,700.0,0.0,1400,3,1380,1380,0.0,4140
7,10,10,10,2,700,700.0,0.0,1400,4,1370,1370.0,0.0,5480
7,10,10,10,2,700,700.0,0.0,1400,5,1368,1370,4.47213595499958,6840
7,10,10,10,3,700,700,0.0,2100,1,2070,2070,0,2070
7,10,10,10,3,700,700,0.0,2100,2,2060,2060.0,14.142135623730951,4120
7,10,10,10,3,700,700,0.0,2100,3,2053.3333333333335,2050,5.773502691896258,6160
7,10,10,10,3,700,700,0.0,2100,4,2047.5,2050.0,5.0,8190
7,10,10,10,3,700,700,0.0,2100,5,2056,2060,11.40175425099138,10280
7,10,10,10,4,700,700.0,0.0,2800,1,2760,2760,0,2760
7,10,10,10,4,700,700.0,0.0,2800,2,2765,2765.0,7.0710678118654755,5530
7,10,10,10,4,700,700.0,0.0,2800,3,2720,2720,0.0,8160
7,10,10,10,4,700,700.0,0.0,2800,4,2730,2730.0,8.16496580927726,10920
7,10,10,10,4,700,700.0,0.0,2800,5,2726,2730,5.477225575051661,13630
7,10,10,10,5,700,700,0.0,3500,1,3450,3450,0,3450
7,10,10,10,5,700,700,0.0,3500,2,3380,3380.0,28.284271247461902,6760
7,10,10,10,5,700,700,0.0,3500,3,3403.3333333333335,3410,30.550504633038933,10210
7,10,10,10,5,702,700,4.47213595499958,3510,4,3410,3410.0,0.0,13640
7,10,10,10,5,700,700,0.0,3500,5,3362,3370,44.94441010848846,16810
7,10,100,10,1,7000,7000,0,7000,1,6970,6970,0,6970
7,10,100,10,1,7000,7000,0,7000,2,6925,6925.0,63.63961030678928,13850
7,10,100,10,1,7000,7000,0,7000,3,6960,6950,26.457513110645905,20880
7,10,100,10,1,7000,7000,0,7000,4,6927.5,6940.0,25.0,27710
7,10,100,10,1,7000,7000,0,7000,5,6912,6940,68.33739825307956,34560
7,10,100,10,2,7000,7000.0,0.0,14000,1,13760,13760,0,13760
7,10,100,10,2,7000,7000.0,0.0,14000,2,13870,13870.0,14.142135623730951,27740
7,10,100,10,2,7000,7000.0,0.0,14000,3,13880,13890,26.457513110645905,41640
7,10,100,10,2,7005,7005.0,7.0710678118654755,14010,4,13695,13675.0,66.58328118479393,54780
7,10,100,10,2,7000,7000.0,0.0,14000,5,13672,13680,126.37246535539299,68360
7,10,100,10,3,7000,7000,0.0,21000,1,20460,20460,0,20460
7,10,100,10,3,7003.333333333333,7000,5.773502691896257,21010,2,20580,20580.0,28.284271247461902,41160
7,10,100,10,3,7000,7000,0.0,21000,3,20813.333333333332,20840,46.188021535170066,62440
7,10,100,10,3,7000,7000,0.0,21000,4,20525,20505.0,58.02298395176403,82100
7,10,100,10,3,6596.666666666667,6590,30.550504633038933,19790,5,19308,19290,49.69909455915671,96540
7,10,100,10,4,7000,7000.0,0.0,28000,1,27750,27750,0,27750
7,10,100,10,4,7000,7000.0,0.0,28000,2,27530,27530.0,113.13708498984761,55060
7,10,100,10,4,7002.5,7000.0,5.0,28010,3,27526.666666666668,27520,80.20806277010642,82580
7,10,100,10,4,6412.5,6415.0,38.622100754188224,25650,4,24610,24605.0,21.602468994692867,98440
